Município,Óbitos_p/Ocorrênc
 MUNICIPIO IGNORADO - RO,1
110001 ALTA FLORESTA D'OESTE,5
110002 ARIQUEMES,202
110003 CABIXI,1
110004 CACOAL,141
110005 CEREJEIRAS,2
110006 COLORADO DO OESTE,2
110007 CORUMBIARA,1
110008 COSTA MARQUES,5
110009 ESPIGAO D'OESTE,21
110010 GUAJARA-MIRIM,64
110011 JARU,24
110012 JI-PARANA,113
110013 MACHADINHO D'OESTE,17
110014 NOVA BRASILANDIA D'OESTE,3
110015 OURO PRETO DO OESTE,49
110018 PIMENTA BUENO,25
110020 PORTO VELHO,2195
110025 PRESIDENTE MEDICI,9
110028 ROLIM DE MOURA,37
110029 SANTA LUZIA D'OESTE,1
110030 VILHENA,89
110032 SAO MIGUEL DO GUAPORE,13
110033 NOVA MAMORE,13
110034 ALVORADA D'OESTE,3
110037 ALTO ALEGRE DOS PARECIS,3
110040 ALTO PARAISO,7
110045 BURITIS,21
110050 NOVO HORIZONTE DO OESTE,2
110070 CAMPO NOVO DE RONDONIA,1
110080 CANDEIAS DO JAMARI,10
110092 CHUPINGUAIA,1
110094 CUJUBIM,4
110110 ITAPUA DO OESTE,1
110120 MINISTRO ANDREAZZA,2
110130 MIRANTE DA SERRA,4
110145 PARECIS,2
110148 SAO FELIPE D'OESTE,1
110149 SAO FRANCISCO DO GUAPORE,32
110150 SERINGUEIRAS,2
110160 THEOBROMA,1
110175 VALE DO ANARI,2
120001 ACRELANDIA,2
120005 ASSIS BRASIL,10
120010 BRASILEIA,50
120013 BUJARI,1
120017 CAPIXABA,3
120020 CRUZEIRO DO SUL,380
120025 EPITACIOLANDIA,2
120030 FEIJO,133
120032 JORDAO,16
120033 MANCIO LIMA,3
120034 MANOEL URBANO,35
120035 MARECHAL THAUMATURGO,31
120038 PLACIDO DE CASTRO,4
120039 PORTO WALTER,8
120040 RIO BRANCO,1610
120042 RODRIGUES ALVES,13
120043 SANTA ROSA DO PURUS,27
120045 SENADOR GUIOMARD,3
120050 SENA MADUREIRA,41
120060 TARAUACA,156
120070 XAPURI,8
120080 PORTO ACRE,1
130002 ALVARAES,22
130006 AMATURA,54
130008 ANAMA,7
130010 ANORI,25
130014 APUI,31
130020 ATALAIA DO NORTE,59
130030 AUTAZES,54
130040 BARCELOS,165
130050 BARREIRINHA,49
130060 BENJAMIN CONSTANT,106
130063 BERURI,22
130068 BOA VISTA DO RAMOS,19
130070 BOCA DO ACRE,40
130080 BORBA,53
130083 CAAPIRANGA,8
130090 CANUTAMA,33
130100 CARAUARI,96
130110 CAREIRO,14
130115 CAREIRO DA VARZEA,4
130120 COARI,165
130130 CODAJAS,30
130140 EIRUNEPE,222
130150 ENVIRA,78
130160 FONTE BOA,68
130165 GUAJARA,9
130170 HUMAITA,48
130180 IPIXUNA,73
130185 IRANDUBA,18
130190 ITACOATIARA,170
130195 ITAMARATI,30
130200 ITAPIRANGA,9
130210 JAPURA,12
130220 JURUA,27
130230 JUTAI,93
130240 LABREA,102
130250 MANACAPURU,101
130255 MANAQUIRI,11
130260 MANAUS,6285
130270 MANICORE,125
130280 MARAA,34
130290 MAUES,144
130300 NHAMUNDA,22
130310 NOVA OLINDA DO NORTE,87
130320 NOVO AIRAO,6
130330 NOVO ARIPUANA,40
130340 PARINTINS,455
130350 PAUINI,39
130353 PRESIDENTE FIGUEIREDO,14
130356 RIO PRETO DA EVA,10
130360 SANTA ISABEL DO RIO NEGRO,56
130370 SANTO ANTONIO DO ICA,110
130380 SAO GABRIEL DA CACHOEIRA,276
130390 SAO PAULO DE OLIVENCA,200
130395 SAO SEBASTIAO DO UATUMA,6
130400 SILVES,8
130406 TABATINGA,368
130410 TAPAUA,52
130420 TEFE,311
130423 TONANTINS,39
130426 UARINI,26
130430 URUCARA,36
130440 URUCURITUBA,9
140002 AMAJARI,71
140005 ALTO ALEGRE,206
140010 BOA VISTA,1496
140015 BONFIM,16
140017 CANTA,10
140020 CARACARAI,127
140023 CAROEBE,3
140028 IRACEMA,15
140030 MUCAJAI,21
140040 NORMANDIA,15
140045 PACARAIMA,24
140047 RORAINOPOLIS,29
140050 SAO JOAO DA BALIZA,4
140070 UIRAMUTA,51
150010 ABAETETUBA,123
150013 ABEL FIGUEIREDO,9
150020 ACARA,24
150030 AFUA,20
150034 AGUA AZUL DO NORTE,13
150040 ALENQUER,212
150050 ALMEIRIM,75
150060 ALTAMIRA,569
150070 ANAJAS,44
150080 ANANINDEUA,454
150085 ANAPU,41
150090 AUGUSTO CORREA,29
150095 AURORA DO PARA,16
150100 AVEIRO,11
150110 BAGRE,20
150120 BAIAO,42
150125 BANNACH,2
150130 BARCARENA,189
150140 BELEM,7138
150145 BELTERRA,5
150150 BENEVIDES,10
150157 BOM JESUS DO TOCANTINS,5
150160 BONITO,1
150170 BRAGANCA,516
150172 BRASIL NOVO,7
150178 BREU BRANCO,15
150180 BREVES,532
150190 BUJARU,15
150195 CACHOEIRA DO PIRIA,3
150200 CACHOEIRA DO ARARI,28
150210 CAMETA,344
150215 CANAA DOS CARAJAS,93
150220 CAPANEMA,110
150230 CAPITAO POCO,32
150240 CASTANHAL,360
150250 CHAVES,8
150260 COLARES,4
150270 CONCEICAO DO ARAGUAIA,103
150275 CONCORDIA DO PARA,16
150276 CUMARU DO NORTE,14
150277 CURIONOPOLIS,19
150280 CURRALINHO,51
150285 CURUA,6
150290 CURUCA,11
150293 DOM ELISEU,33
150295 ELDORADO DOS CARAJAS,25
150300 FARO,9
150304 FLORESTA DO ARAGUAIA,11
150307 GARRAFAO DO NORTE,13
150309 GOIANESIA DO PARA,15
150310 GURUPA,40
150320 IGARAPE-ACU,14
150330 IGARAPE-MIRI,43
150340 INHANGAPI,1
150345 IPIXUNA DO PARA,29
150350 IRITUIA,7
150360 ITAITUBA,335
150370 ITUPIRANGA,48
150375 JACAREACANGA,101
150380 JACUNDA,28
150390 JURUTI,154
150400 LIMOEIRO DO AJURU,23
150405 MAE DO RIO,36
150410 MAGALHAES BARATA,2
150420 MARABA,857
150430 MARACANA,8
150440 MARAPANIM,9
150442 MARITUBA,93
150445 MEDICILANDIA,13
150450 MELGACO,33
150460 MOCAJUBA,48
150470 MOJU,36
150475 MOJUI DOS CAMPOS,2
150480 MONTE ALEGRE,126
150490 MUANA,89
150495 NOVA ESPERANCA DO PIRIA,14
150497 NOVA IPIXUNA,5
150500 NOVA TIMBOTEUA,1
150503 NOVO PROGRESSO,92
150506 NOVO REPARTIMENTO,41
150510 OBIDOS,143
150520 OEIRAS DO PARA,68
150530 ORIXIMINA,208
150540 OUREM,6
150543 OURILANDIA DO NORTE,79
150548 PACAJA,35
150549 PALESTINA DO PARA,3
150550 PARAGOMINAS,133
150553 PARAUAPEBAS,352
150555 PAU D'ARCO,8
150560 PEIXE-BOI,3
150563 PICARRA,9
150565 PLACAS,8
150570 PONTA DE PEDRAS,10
150580 PORTEL,137
150590 PORTO DE MOZ,69
150600 PRAINHA,59
150610 PRIMAVERA,3
150611 QUATIPURU,2
150613 REDENCAO,504
150616 RIO MARIA,9
150618 RONDON DO PARA,50
150619 RUROPOLIS,32
150620 SALINOPOLIS,42
150630 SALVATERRA,44
150635 SANTA BARBARA DO PARA,1
150640 SANTA CRUZ DO ARARI,1
150650 SANTA IZABEL DO PARA,22
150655 SANTA LUZIA DO PARA,2
150658 SANTA MARIA DAS BARREIRAS,12
150660 SANTA MARIA DO PARA,11
150670 SANTANA DO ARAGUAIA,46
150680 SANTAREM,1396
150690 SANTAREM NOVO,2
150700 SANTO ANTONIO DO TAUA,14
150710 SAO CAETANO DE ODIVELAS,2
150715 SAO DOMINGOS DO ARAGUAIA,5
150720 SAO DOMINGOS DO CAPIM,15
150730 SAO FELIX DO XINGU,105
150740 SAO FRANCISCO DO PARA,1
150745 SAO GERALDO DO ARAGUAIA,24
150747 SAO JOAO DE PIRABAS,6
150750 SAO JOAO DO ARAGUAIA,3
150760 SAO MIGUEL DO GUAMA,33
150770 SAO SEBASTIAO DA BOA VISTA,33
150775 SAPUCAIA,2
150780 SENADOR JOSE PORFIRIO,16
150790 SOURE,50
150795 TAILANDIA,145
150797 TERRA SANTA,10
150800 TOME-ACU,75
150803 TRACUATEUA,2
150805 TRAIRAO,7
150808 TUCUMA,87
150810 TUCURUI,534
150812 ULIANOPOLIS,21
150815 URUARA,67
150820 VIGIA,21
150830 VISEU,62
150835 VITORIA DO XINGU,20
150840 XINGUARA,51
160005 SERRA DO NAVIO,1
160010 AMAPA,3
160015 PEDRA BRANCA DO AMAPARI,5
160020 CALCOENE,15
160021 CUTIAS,7
160023 FERREIRA GOMES,5
160027 LARANJAL DO JARI,169
160030 MACAPA,2287
160040 MAZAGAO,5
160050 OIAPOQUE,61
160053 PORTO GRANDE,7
160055 PRACUUBA,1
160060 SANTANA,171
160070 TARTARUGALZINHO,7
160080 VITORIA DO JARI,5
170030 AGUIARNOPOLIS,1
170035 ALIANCA DO TOCANTINS,2
170040 ALMAS,1
170070 ALVORADA,3
170100 ANANAS,4
170110 APARECIDA DO RIO NEGRO,1
170130 ARAGOMINAS,1
170190 ARAGUACEMA,2
170200 ARAGUACU,5
170210 ARAGUAINA,678
170215 ARAGUANA,1
170220 ARAGUATINS,3
170230 ARAPOEMA,3
170240 ARRAIAS,15
170255 AUGUSTINOPOLIS,85
170290 AXIXA DO TOCANTINS,1
170305 BANDEIRANTES DO TOCANTINS,1
170307 BARRA DO OURO,2
170310 BARROLANDIA,1
170370 BREJINHO DE NAZARE,1
170384 CAMPOS LINDOS,5
170390 CASEARA,4
170510 CHAPADA DA NATIVIDADE,1
170550 COLINAS DO TOCANTINS,22
170555 COMBINADO,1
170560 CONCEICAO DO TOCANTINS,1
170600 COUTO MAGALHAES,1
170610 CRISTALANDIA,1
170650 DARCINOPOLIS,1
170700 DIANOPOLIS,20
170720 DOIS IRMAOS DO TOCANTINS,2
170740 ESPERANTINA,3
170770 FILADELFIA,4
170820 FORMOSO DO ARAGUAIA,7
170825 FORTALEZA DO TABOCAO,2
170900 GOIATINS,11
170930 GUARAI,20
170950 GURUPI,113
171050 ITACAJA,12
171070 ITAGUATINS,1
171090 ITAPIRATINS,2
171190 LAGOA DA CONFUSAO,5
171200 LAJEADO,1
171215 LAVANDEIRA,1
171240 LIZARDA,1
171270 MATEIROS,1
171280 MAURILANDIA DO TOCANTINS,1
171320 MIRACEMA DO TOCANTINS,21
171330 MIRANORTE,2
171360 MONTE DO CARMO,2
171395 MURICILANDIA,2
171420 NATIVIDADE,10
171430 NAZARE,1
171488 NOVA OLINDA,2
171500 NOVA ROSALANDIA,2
171510 NOVO ACORDO,3
171515 NOVO ALEGRE,1
171570 PALMEIRANTE,1
171575 PALMEIROPOLIS,1
171610 PARAISO DO TOCANTINS,43
171620 PARANA,9
171650 PEDRO AFONSO,14
171665 PEQUIZEIRO,1
171670 COLMEIA,2
171750 PIUM,2
171780 PONTE ALTA DO BOM JESUS,2
171790 PONTE ALTA DO TOCANTINS,1
171820 PORTO NACIONAL,50
171850 RECURSOLANDIA,3
171865 RIO DA CONCEICAO,1
171870 RIO DOS BOIS,1
171875 RIO SONO,1
171889 SANTA RITA DO TOCANTINS,2
171900 SANTA TEREZA DO TOCANTINS,1
172010 SAO BENTO DO TOCANTINS,1
172015 SAO FELIX DO TOCANTINS,1
172020 SAO MIGUEL DO TOCANTINS,1
172025 SAO SALVADOR DO TOCANTINS,2
172049 SAO VALERIO,1
172065 SILVANOPOLIS,1
172080 SITIO NOVO DO TOCANTINS,3
172090 TAGUATINGA,9
172100 PALMAS,1276
172110 TOCANTINIA,6
172120 TOCANTINOPOLIS,22
172125 TUPIRAMA,3
172210 XAMBIOA,11
210005 ACAILANDIA,62
210010 AFONSO CUNHA,3
210015 AGUA DOCE DO MARANHAO,2
210020 ALCANTARA,8
210030 ALDEIAS ALTAS,5
210043 ALTO ALEGRE DO MARANHAO,459
210047 ALTO ALEGRE DO PINDARE,29
210050 ALTO PARNAIBA,7
210055 AMAPA DO MARANHAO,2
210060 AMARANTE DO MARANHAO,60
210070 ANAJATUBA,3
210080 ANAPURUS,5
210083 APICUM-ACU,10
210087 ARAGUANA,4
210090 ARAIOSES,15
210095 ARAME,45
210100 ARARI,20
210110 AXIXA,2
210120 BACABAL,146
210125 BACABEIRA,9
210130 BACURI,1
210135 BACURITUBA,1
210140 BALSAS,282
210150 BARAO DE GRAJAU,4
210160 BARRA DO CORDA,176
210170 BARREIRINHAS,94
210173 BELAGUA,4
210177 BELA VISTA DO MARANHAO,1
210180 BENEDITO LEITE,1
210190 BEQUIMAO,4
210200 BOM JARDIM,13
210203 BOM JESUS DAS SELVAS,20
210210 BREJO,18
210215 BREJO DE AREIA,1
210220 BURITI,17
210230 BURITI BRAVO,18
210232 BURITICUPU,79
210235 BURITIRANA,8
210237 CACHOEIRA GRANDE,2
210240 CAJAPIO,7
210250 CAJARI,16
210255 CAMPESTRE DO MARANHAO,3
210260 CANDIDO MENDES,8
210270 CANTANHEDE,11
210275 CAPINZAL DO NORTE,6
210280 CAROLINA,12
210290 CARUTAPERA,54
210300 CAXIAS,718
210310 CEDRAL,3
210312 CENTRAL DO MARANHAO,2
210315 CENTRO DO GUILHERME,2
210317 CENTRO NOVO DO MARANHAO,3
210320 CHAPADINHA,135
210325 CIDELANDIA,2
210330 CODO,148
210340 COELHO NETO,95
210350 COLINAS,102
210355 CONCEICAO DO LAGO-ACU,4
210360 COROATA,289
210370 CURURUPU,134
210375 DAVINOPOLIS,1
210380 DOM PEDRO,8
210390 DUQUE BACELAR,4
210400 ESPERANTINOPOLIS,17
210405 ESTREITO,20
210407 FEIRA NOVA DO MARANHAO,2
210408 FERNANDO FALCAO,29
210409 FORMOSA DA SERRA NEGRA,6
210410 FORTALEZA DOS NOGUEIRAS,3
210420 FORTUNA,5
210430 GODOFREDO VIANA,1
210440 GONCALVES DIAS,8
210450 GOVERNADOR ARCHER,5
210455 GOVERNADOR EDISON LOBAO,3
210460 GOVERNADOR EUGENIO BARROS,3
210462 GOVERNADOR LUIZ ROCHA,1
210465 GOVERNADOR NEWTON BELLO,5
210467 GOVERNADOR NUNES FREIRE,134
210470 GRACA ARANHA,1
210480 GRAJAU,159
210490 GUIMARAES,5
210500 HUMBERTO DE CAMPOS,26
210510 ICATU,11
210515 IGARAPE DO MEIO,11
210520 IGARAPE GRANDE,7
210530 IMPERATRIZ,2291
210535 ITAIPAVA DO GRAJAU,12
210540 ITAPECURU MIRIM,66
210542 ITINGA DO MARANHAO,5
210545 JATOBA,1
210547 JENIPAPO DOS VIEIRAS,27
210550 JOAO LISBOA,5
210560 JOSELANDIA,12
210565 JUNCO DO MARANHAO,3
210570 LAGO DA PEDRA,39
210580 LAGO DO JUNCO,3
210592 LAGOA DO MATO,5
210594 LAGO DOS RODRIGUES,2
210596 LAGOA GRANDE DO MARANHAO,14
210598 LAJEADO NOVO,2
210600 LIMA CAMPOS,7
210610 LORETO,7
210620 LUIS DOMINGUES,2
210630 MAGALHAES DE ALMEIDA,8
210632 MARACACUME,3
210635 MARAJA DO SENA,4
210637 MARANHAOZINHO,3
210640 MATA ROMA,5
210650 MATINHA,21
210660 MATOES,12
210663 MATOES DO NORTE,3
210667 MILAGRES DO MARANHAO,1
210670 MIRADOR,6
210675 MIRANDA DO NORTE,12
210680 MIRINZAL,5
210690 MONCAO,60
210700 MONTES ALTOS,6
210710 MORROS,13
210720 NINA RODRIGUES,4
210735 NOVA OLINDA DO MARANHAO,6
210740 OLHO D'AGUA DAS CUNHAS,5
210745 OLINDA NOVA DO MARANHAO,10
210750 PACO DO LUMIAR,12
210760 PALMEIRANDIA,5
210770 PARAIBANO,6
210780 PARNARAMA,12
210790 PASSAGEM FRANCA,13
210800 PASTOS BONS,11
210805 PAULINO NEVES,17
210810 PAULO RAMOS,18
210820 PEDREIRAS,37
210825 PEDRO DO ROSARIO,5
210830 PENALVA,76
210845 PERITORO,7
210850 PINDARE-MIRIM,10
210860 PINHEIRO,318
210870 PIO XII,12
210880 PIRAPEMAS,29
210890 POCAO DE PEDRAS,7
210900 PORTO FRANCO,21
210905 PORTO RICO DO MARANHAO,1
210910 PRESIDENTE DUTRA,84
210920 PRESIDENTE JUSCELINO,4
210923 PRESIDENTE MEDICI,1
210927 PRESIDENTE SARNEY,10
210930 PRESIDENTE VARGAS,7
210940 PRIMEIRA CRUZ,7
210945 RAPOSA,7
210950 RIACHAO,14
210955 RIBAMAR FIQUENE,3
210960 ROSARIO,27
210975 SANTA FILOMENA DO MARANHAO,1
210980 SANTA HELENA,9
210990 SANTA INES,160
211000 SANTA LUZIA,71
211003 SANTA LUZIA DO PARUA,7
211010 SANTA QUITERIA DO MARANHAO,13
211020 SANTA RITA,22
211027 SANTO AMARO DO MARANHAO,4
211030 SANTO ANTONIO DOS LOPES,1
211040 SAO BENEDITO DO RIO PRETO,15
211050 SAO BENTO,28
211060 SAO BERNARDO,16
211065 SAO DOMINGOS DO AZEITAO,5
211070 SAO DOMINGOS DO MARANHAO,10
211085 SAO FRANCISCO DO BREJAO,2
211090 SAO FRANCISCO DO MARANHAO,3
211100 SAO JOAO BATISTA,13
211102 SAO JOAO DO CARU,13
211105 SAO JOAO DO PARAISO,3
211107 SAO JOAO DO SOTER,6
211110 SAO JOAO DOS PATOS,26
211120 SAO JOSE DE RIBAMAR,83
211130 SAO LUIS,6075
211140 SAO LUIS GONZAGA DO MARANHAO,9
211150 SAO MATEUS DO MARANHAO,13
211153 SAO PEDRO DA AGUA BRANCA,2
211157 SAO PEDRO DOS CRENTES,2
211160 SAO RAIMUNDO DAS MANGABEIRAS,14
211163 SAO RAIMUNDO DO DOCA BEZERRA,4
211167 SAO ROBERTO,4
211170 SAO VICENTE FERRER,14
211172 SATUBINHA,5
211174 SENADOR ALEXANDRE COSTA,6
211176 SENADOR LA ROCQUE,3
211178 SERRANO DO MARANHAO,3
211180 SITIO NOVO,8
211190 SUCUPIRA DO NORTE,3
211195 SUCUPIRA DO RIACHAO,2
211200 TASSO FRAGOSO,4
211210 TIMBIRAS,34
211220 TIMON,171
211223 TRIZIDELA DO VALE,3
211227 TUFILANDIA,1
211230 TUNTUM,24
211240 TURIACU,16
211245 TURILANDIA,2
211250 TUTOIA,35
211260 URBANO SANTOS,19
211270 VARGEM GRANDE,49
211280 VIANA,46
211285 VILA NOVA DOS MARTIRIOS,1
211290 VITORIA DO MEARIM,31
211300 VITORINO FREIRE,16
211400 ZE DOCA,87
 MUNICIPIO IGNORADO - PI,2
220005 ACAUA,5
220010 AGRICOLANDIA,1
220020 AGUA BRANCA,8
220027 ALEGRETE DO PIAUI,1
220030 ALTO LONGA,1
220040 ALTOS,17
220045 ALVORADA DO GURGUEIA,5
220050 AMARANTE,7
220060 ANGICAL DO PIAUI,1
220070 ANISIO DE ABREU,2
220100 ARRAIAL,1
220105 ASSUNCAO DO PIAUI,2
220110 AVELINO LOPES,4
220115 BAIXA GRANDE DO RIBEIRO,18
220117 BARRA D'ALCANTARA,1
220120 BARRAS,31
220130 BARREIRAS DO PIAUI,2
220140 BARRO DURO,5
220150 BATALHA,11
220155 BELA VISTA DO PIAUI,2
220160 BENEDITINOS,2
220170 BERTOLINIA,4
220173 BETANIA DO PIAUI,3
220177 BOA HORA,1
220180 BOCAINA,1
220190 BOM JESUS,96
220191 BOM PRINCIPIO DO PIAUI,2
220198 BREJO DO PIAUI,1
220200 BURITI DOS LOPES,3
220202 BURITI DOS MONTES,1
220205 CABECEIRAS DO PIAUI,1
220207 CAJAZEIRAS DO PIAUI,1
220210 CAMPINAS DO PIAUI,1
220211 CAMPO ALEGRE DO FIDALGO,2
220217 CAMPO LARGO DO PIAUI,3
220220 CAMPO MAIOR,28
220225 CANAVIEIRA,1
220230 CANTO DO BURITI,12
220245 CAPITAO GERVASIO OLIVEIRA,1
220250 CARACOL,6
220260 CASTELO DO PIAUI,19
220270 COCAL,6
220277 COLONIA DO PIAUI,4
220290 CORRENTE,75
220310 CRISTINO CASTRO,4
220320 CURIMATA,10
220323 CURRAIS,2
220325 CURRALINHOS,3
220327 CURRAL NOVO DO PIAUI,2
220330 DEMERVAL LOBAO,7
220335 DIRCEU ARCOVERDE,1
220340 DOM EXPEDITO LOPES,2
220345 DOM INOCENCIO,2
220350 ELESBAO VELOSO,5
220360 ELISEU MARTINS,6
220370 ESPERANTINA,57
220375 FARTURA DO PIAUI,1
220390 FLORIANO,390
220415 FRANCISCO MACEDO,1
220420 FRANCISCO SANTOS,1
220430 FRONTEIRAS,4
220435 GEMINIANO,1
220440 GILBUES,5
220450 GUADALUPE,5
220465 ILHA GRANDE,1
220470 INHUMA,4
220480 IPIRANGA DO PIAUI,3
220510 ITAUEIRA,12
220515 JACOBINA DO PIAUI,4
220520 JAICOS,3
220525 JARDIM DO MULATO,1
220530 JERUMENHA,1
220540 JOAQUIM PIRES,3
220545 JOCA MARQUES,1
220550 JOSE DE FREITAS,17
220551 JUAZEIRO DO PIAUI,2
220553 JUREMA,2
220554 LAGOINHA DO PIAUI,1
220555 LAGOA ALEGRE,3
220556 LAGOA DO BARRO DO PIAUI,1
220557 LAGOA DE SAO FRANCISCO,1
220558 LAGOA DO PIAUI,1
220560 LANDRI SALES,4
220570 LUIS CORREIA,5
220580 LUZILANDIA,21
220585 MADEIRO,3
220590 MANOEL EMIDIO,1
220595 MARCOLANDIA,3
220605 MASSAPE DO PIAUI,1
220610 MATIAS OLIMPIO,2
220620 MIGUEL ALVES,12
220635 MILTON BRANDAO,2
220640 MONSENHOR GIL,7
220660 MONTE ALEGRE DO PIAUI,9
220667 MORRO DO CHAPEU DO PIAUI,1
220669 MURICI DOS PORTELAS,2
220670 NAZARE DO PIAUI,1
220675 NOSSA SENHORA DE NAZARE,2
220690 NOVO ORIENTE DO PIAUI,1
220695 NOVO SANTO ANTONIO,1
220700 OEIRAS,51
220720 PADRE MARCOS,2
220750 PALMEIRAIS,5
220760 PARNAGUA,4
220770 PARNAIBA,693
220777 PATOS DO PIAUI,2
220780 PAULISTANA,27
220785 PAVUSSU,1
220790 PEDRO II,27
220800 PICOS,330
220820 PIO IX,4
220830 PIRACURUCA,21
220840 PIRIPIRI,62
220850 PORTO,3
220860 PRATA DO PIAUI,1
220865 QUEIMADA NOVA,2
220870 REDENCAO DO GURGUEIA,2
220880 REGENERACAO,7
220885 RIACHO FRIO,2
220890 RIBEIRO GONCALVES,1
220900 RIO GRANDE DO PIAUI,1
220910 SANTA CRUZ DO PIAUI,1
220915 SANTA CRUZ DOS MILAGRES,1
220920 SANTA FILOMENA,6
220930 SANTA LUZ,2
220937 SANTA ROSA DO PIAUI,3
220940 SANTO ANTONIO DE LISBOA,2
220965 SAO FRANCISCO DE ASSIS DO PIAUI,6
220970 SAO FRANCISCO DO PIAUI,3
220975 SAO GONCALO DO GURGUEIA,2
220987 SAO JOAO DA FRONTEIRA,1
220990 SAO JOAO DA SERRA,2
220997 SAO JOAO DO ARRAIAL,4
221000 SAO JOAO DO PIAUI,33
221010 SAO JOSE DO PEIXE,2
221020 SAO JOSE DO PIAUI,1
221030 SAO JULIAO,1
221039 SAO MIGUEL DO FIDALGO,1
221040 SAO MIGUEL DO TAPUIO,10
221050 SAO PEDRO DO PIAUI,11
221060 SAO RAIMUNDO NONATO,108
221065 SIGEFREDO PACHECO,2
221070 SIMOES,20
221080 SIMPLICIO MENDES,17
221093 SUSSUAPARA,1
221095 TAMBORIL DO PIAUI,1
221100 TERESINA,4495
221110 UNIAO,17
221120 URUCUI,17
221130 VALENCA DO PIAUI,24
221135 VARZEA BRANCA,2
221140 VARZEA GRANDE,2
221150 VERA MENDES,1
230010 ABAIARA,1
230015 ACARAPE,5
230020 ACARAU,38
230030 ACOPIARA,30
230040 AIUABA,5
230060 ALTANEIRA,2
230070 ALTO SANTO,2
230075 AMONTADA,7
230080 ANTONINA DO NORTE,1
230090 APUIARES,1
230100 AQUIRAZ,4
230110 ARACATI,64
230120 ARACOIABA,4
230125 ARARENDA,3
230130 ARARIPE,6
230150 ARNEIROZ,1
230160 ASSARE,4
230170 AURORA,8
230180 BAIXIO,1
230185 BANABUIU,4
230190 BARBALHA,648
230195 BARREIRA,3
230200 BARRO,4
230205 BARROQUINHA,2
230210 BATURITE,60
230220 BEBERIBE,12
230230 BELA CRUZ,9
230240 BOA VIAGEM,29
230250 BREJO SANTO,120
230260 CAMOCIM,35
230270 CAMPOS SALES,17
230280 CANINDE,81
230290 CAPISTRANO,1
230300 CARIDADE,3
230310 CARIRE,4
230320 CARIRIACU,5
230330 CARIUS,3
230340 CARNAUBAL,5
230350 CASCAVEL,16
230360 CATARINA,2
230365 CATUNDA,3
230370 CAUCAIA,78
230380 CEDRO,11
230390 CHAVAL,2
230393 CHORO,3
230395 CHOROZINHO,7
230400 COREAU,1
230410 CRATEUS,240
230420 CRATO,301
230423 CROATA,7
230425 CRUZ,8
230427 ERERE,1
230428 EUSEBIO,15
230430 FARIAS BRITO,5
230435 FORQUILHA,3
230440 FORTALEZA,7886
230445 FORTIM,2
230450 FRECHEIRINHA,4
230460 GENERAL SAMPAIO,1
230465 GRACA,3
230470 GRANJA,23
230480 GRANJEIRO,2
230495 GUAIUBA,8
230500 GUARACIABA DO NORTE,12
230510 GUARAMIRANGA,1
230520 HIDROLANDIA,4
230523 HORIZONTE,23
230526 IBARETAMA,4
230530 IBIAPINA,4
230535 ICAPUI,2
230540 ICO,38
230550 IGUATU,152
230560 INDEPENDENCIA,3
230570 IPAUMIRIM,1
230580 IPU,16
230590 IPUEIRAS,9
230600 IRACEMA,2
230610 IRAUCUBA,7
230620 ITAICABA,2
230625 ITAITINGA,4
230630 ITAPAGE,16
230640 ITAPIPOCA,274
230650 ITAPIUNA,1
230655 ITAREMA,14
230660 ITATIRA,5
230670 JAGUARETAMA,2
230680 JAGUARIBARA,2
230690 JAGUARIBE,19
230700 JAGUARUANA,1
230710 JARDIM,4
230725 JIJOCA DE JERICOACOARA,5
230730 JUAZEIRO DO NORTE,524
230740 JUCAS,5
230750 LAVRAS DA MANGABEIRA,14
230760 LIMOEIRO DO NORTE,67
230763 MADALENA,6
230765 MARACANAU,103
230770 MARANGUAPE,30
230780 MARCO,12
230790 MARTINOPOLE,2
230800 MASSAPE,10
230810 MAURITI,18
230820 MERUOCA,3
230830 MILAGRES,7
230835 MILHA,5
230840 MISSAO VELHA,6
230850 MOMBACA,18
230860 MONSENHOR TABOSA,8
230870 MORADA NOVA,14
230880 MORAUJO,3
230890 MORRINHOS,2
230900 MUCAMBO,6
230910 MULUNGU,2
230920 NOVA OLINDA,2
230930 NOVA RUSSAS,9
230940 NOVO ORIENTE,3
230945 OCARA,6
230950 OROS,7
230960 PACAJUS,6
230970 PACATUBA,8
230980 PACOTI,2
230990 PACUJA,2
231010 PALMACIA,1
231020 PARACURU,12
231025 PARAIPABA,3
231030 PARAMBU,10
231040 PARAMOTI,2
231050 PEDRA BRANCA,16
231060 PENAFORTE,5
231070 PENTECOSTE,14
231080 PEREIRO,7
231085 PINDORETAMA,5
231090 PIQUET CARNEIRO,5
231100 PORANGA,3
231110 PORTEIRAS,3
231120 POTENGI,4
231123 POTIRETAMA,1
231126 QUITERIANOPOLIS,5
231130 QUIXADA,324
231135 QUIXELO,1
231140 QUIXERAMOBIM,101
231150 QUIXERE,3
231160 REDENCAO,14
231170 RERIUTABA,3
231180 RUSSAS,35
231190 SABOEIRO,3
231195 SALITRE,9
231200 SANTANA DO ACARAU,6
231210 SANTANA DO CARIRI,4
231220 SANTA QUITERIA,10
231230 SAO BENEDITO,20
231240 SAO GONCALO DO AMARANTE,19
231260 SAO LUIS DO CURU,3
231270 SENADOR POMPEU,9
231290 SOBRAL,1924
231300 SOLONOPOLE,5
231310 TABULEIRO DO NORTE,1
231320 TAMBORIL,3
231325 TARRAFAS,2
231330 TAUA,45
231335 TEJUCUOCA,6
231340 TIANGUA,63
231350 TRAIRI,6
231355 TURURU,2
231360 UBAJARA,8
231370 UMARI,1
231375 UMIRIM,4
231380 URUBURETAMA,3
231390 URUOCA,1
231400 VARZEA ALEGRE,25
231410 VICOSA DO CEARA,17
240010 ACARI,4
240020 ACU,17
240030 AFONSO BEZERRA,2
240050 ALEXANDRIA,4
240060 ALMINO AFONSO,2
240070 ALTO DO RODRIGUES,2
240090 ANTONIO MARTINS,2
240100 APODI,7
240120 ARES,4
240140 BAIA FORMOSA,1
240145 BARAUNA,2
240150 BARCELONA,2
240160 BENTO FERNANDES,1
240170 BOM JESUS,1
240180 BREJINHO,1
240200 CAICO,46
240220 CANGUARETAMA,10
240230 CARAUBAS,5
240250 CARNAUBAIS,1
240260 CEARA-MIRIM,18
240310 CURRAIS NOVOS,84
240320 DOUTOR SEVERIANO,2
240325 PARNAMIRIM,286
240340 EQUADOR,1
240350 ESPIRITO SANTO,2
240360 EXTREMOZ,7
240380 FLORANIA,1
240410 GALINHOS,1
240420 GOIANINHA,15
240430 GOVERNADOR DIX-SEPT ROSADO,3
240450 GUAMARE,8
240460 IELMO MARINHO,2
240470 IPANGUACU,4
240485 ITAJA,3
240490 ITAU,1
240500 JACANA,3
240510 JANDAIRA,3
240520 JANDUIS,2
240530 JANUARIO CICCO,1
240560 JARDIM DE PIRANHAS,2
240570 JARDIM DO SERIDO,1
240580 JOAO CAMARA,12
240600 JOSE DA PENHA,1
240610 JUCURUTU,3
240650 LAGOA NOVA,4
240670 LAJES,1
240690 LUCRECIA,1
240700 LUIS GOMES,5
240710 MACAIBA,20
240720 MACAU,7
240740 MARTINS,1
240750 MAXARANGUAPE,1
240760 MESSIAS TARGINO,1
240770 MONTANHAS,1
240780 MONTE ALEGRE,2
240790 MONTE DAS GAMELEIRAS,1
240800 MOSSORO,858
240810 NATAL,3378
240820 NISIA FLORESTA,2
240830 NOVA CRUZ,13
240840 OLHO-D'AGUA DO BORGES,1
240850 OURO BRANCO,1
240890 PARELHAS,10
240895 RIO DO FOGO,1
240910 PASSA E FICA,3
240920 PASSAGEM,1
240930 PATU,1
240940 PAU DOS FERROS,104
240960 PEDRA PRETA,1
240970 PEDRO AVELINO,2
240980 PEDRO VELHO,1
240990 PENDENCIAS,2
241010 POCO BRANCO,1
241020 PORTALEGRE,1
241025 PORTO DO MANGUE,1
241030 SERRA CAIADA,3
241040 PUREZA,1
241090 RIACHUELO,2
241100 RODOLFO FERNANDES,1
241120 SANTA CRUZ,95
241140 SANTANA DO MATOS,2
241150 SANTO ANTONIO,8
241180 SAO FERNANDO,1
241190 SAO FRANCISCO DO OESTE,1
241200 SAO GONCALO DO AMARANTE,24
241220 SAO JOSE DE MIPIBU,47
241230 SAO JOSE DO CAMPESTRE,3
241250 SAO MIGUEL,4
241255 SAO MIGUEL DO GOSTOSO,1
241260 SAO PAULO DO POTENGI,9
241300 SAO VICENTE,1
241310 SENADOR ELOI DE SOUZA,1
241335 SERRA DO MEL,2
241380 TABOLEIRO GRANDE,2
241390 TAIPU,2
241400 TANGARA,1
241410 TENENTE ANANIAS,2
241420 TIBAU DO SUL,4
241440 TOUROS,5
241460 UPANEMA,3
241470 VARZEA,1
241480 VERA CRUZ,2
241500 VILA FLOR,1
 MUNICIPIO IGNORADO - PB,2
250010 AGUA BRANCA,2
250020 AGUIAR,1
250030 ALAGOA GRANDE,10
250040 ALAGOA NOVA,8
250050 ALAGOINHA,1
250053 ALCANTIL,1
250060 ALHANDRA,2
250080 ARACAGI,1
250090 ARARA,2
250100 ARARUNA,3
250110 AREIA,5
250130 AROEIRAS,5
250135 ASSUNCAO,1
250150 BANANEIRAS,6
250153 BARAUNA,1
250157 BARRA DE SANTANA,2
250160 BARRA DE SANTA ROSA,2
250180 BAYEUX,18
250190 BELEM,5
250200 BELEM DO BREJO DO CRUZ,1
250205 BERNARDINO BATISTA,1
250210 BOA VENTURA,1
250215 BOA VISTA,1
250230 BOM SUCESSO,1
250240 BONITO DE SANTA FE,1
250250 BOQUEIRAO,2
250260 IGARACY,1
250270 BORBOREMA,1
250280 BREJO DO CRUZ,3
250300 CAAPORA,3
250320 CABEDELO,10
250330 CACHOEIRA DOS INDIOS,1
250355 CACIMBAS,5
250370 CAJAZEIRAS,141
250375 CAJAZEIRINHAS,1
250380 CALDAS BRANDAO,1
250390 CAMALAU,1
250400 CAMPINA GRANDE,2057
250403 CAPIM,2
250415 CASSERENGUE,2
250430 CATOLE DO ROCHA,24
250440 CONCEICAO,8
250450 CONDADO,1
250460 CONDE,8
250480 COREMAS,6
250490 CRUZ DO ESPIRITO SANTO,2
250510 CUITE,3
250520 CUITEGI,1
250527 CURRAL DE CIMA,1
250540 DESTERRO,2
250570 DONA INES,5
250580 DUAS ESTRADAS,1
250600 ESPERANCA,6
250610 FAGUNDES,1
250620 FREI MARTINHO,1
250630 GUARABIRA,110
250640 GURINHEM,2
250660 IBIARA,1
250670 IMACULADA,4
250680 INGA,2
250690 ITABAIANA,16
250700 ITAPORANGA,23
250710 ITAPOROROCA,3
250730 JACARAU,1
250750 JOAO PESSOA,2903
250760 JUAREZ TAVORA,2
250770 JUAZEIRINHO,7
250790 JURIPIRANGA,1
250800 JURU,3
250820 LAGOA DE DENTRO,3
250830 LAGOA SECA,1
250860 LUCENA,3
250890 MAMANGUAPE,32
250900 MANAIRA,2
250905 MARCACAO,2
250910 MARI,3
250915 MARIZOPOLIS,1
250920 MASSARANDUBA,1
250930 MATARACA,1
250933 MATINHAS,1
250939 MATUREIA,1
250940 MOGEIRO,1
250950 MONTADAS,2
250970 MONTEIRO,30
250980 MULUNGU,1
250990 NATUBA,1
251000 NAZAREZINHO,1
251010 NOVA FLORESTA,1
251020 NOVA OLINDA,1
251040 OLHO D'AGUA,1
251050 OLIVEDOS,1
251080 PATOS,617
251110 PEDRA LAVRADA,3
251120 PEDRAS DE FOGO,4
251130 PIANCO,8
251140 PICUI,13
251150 PILAR,3
251160 PILOES,1
251170 PILOEZINHOS,1
251190 PITIMBU,4
251200 POCINHOS,2
251210 POMBAL,10
251230 PRINCESA ISABEL,20
251240 PUXINANA,1
251250 QUEIMADAS,17
251260 QUIXABA,1
251270 REMIGIO,5
251272 PEDRO REGIS,2
251278 RIACHO DE SANTO ANTONIO,1
251280 RIACHO DOS CAVALOS,1
251290 RIO TINTO,2
251300 SALGADINHO,1
251310 SALGADO DE SAO FELIX,2
251315 SANTA CECILIA,1
251340 SANTA LUZIA,6
251350 SANTANA DE MANGUEIRA,2
251360 SANTANA DOS GARROTES,1
251370 SANTA RITA,90
251380 SANTA TERESINHA,1
251390 SAO BENTO,12
251400 SAO JOAO DO CARIRI,1
251410 SAO JOAO DO TIGRE,1
251430 SAO JOSE DE CAIANA,2
251440 SAO JOSE DE ESPINHARAS,1
251445 SAO JOSE DOS RAMOS,1
251450 SAO JOSE DE PIRANHAS,1
251480 SAO JOSE DOS CORDEIROS,1
251490 SAO MAMEDE,1
251500 SAO MIGUEL DE TAIPU,1
251510 SAO SEBASTIAO DE LAGOA DE ROCA,1
251530 SAPE,12
251540 SAO VICENTE DO SERIDO,3
251550 SERRA BRANCA,2
251580 SERRA REDONDA,3
251590 SERRARIA,2
251600 SOLANEA,19
251610 SOLEDADE,5
251620 SOUSA,67
251630 SUME,6
251640 TACIMA,1
251650 TAPEROA,3
251660 TAVARES,3
251670 TEIXEIRA,6
251675 TENORIO,1
251690 UIRAUNA,2
251700 UMBUZEIRO,1
260005 ABREU E LIMA,22
260010 AFOGADOS DA INGAZEIRA,85
260020 AFRANIO,9
260030 AGRESTINA,2
260040 AGUA PRETA,1
260050 AGUAS BELAS,25
260060 ALAGOINHA,2
260070 ALIANCA,1
260080 ALTINHO,4
260090 AMARAJI,3
260100 ANGELIM,5
260105 ARACOIABA,2
260110 ARARIPINA,115
260120 ARCOVERDE,252
260130 BARRA DE GUABIRABA,2
260140 BARREIROS,23
260150 BELEM DE MARIA,2
260160 BELEM DE SAO FRANCISCO,3
260170 BELO JARDIM,26
260180 BETANIA,4
260190 BEZERROS,14
260200 BODOCO,10
260210 BOM CONSELHO,19
260220 BOM JARDIM,4
260230 BONITO,13
260240 BREJAO,1
260250 BREJINHO,2
260260 BREJO DA MADRE DE DEUS,11
260270 BUENOS AIRES,1
260280 BUIQUE,12
260290 CABO DE SANTO AGOSTINHO,54
260300 CABROBO,24
260310 CACHOEIRINHA,6
260320 CAETES,2
260330 CALCADO,2
260340 CALUMBI,1
260345 CAMARAGIBE,22
260350 CAMOCIM DE SAO FELIX,4
260360 CAMUTANGA,3
260370 CANHOTINHO,12
260380 CAPOEIRAS,10
260390 CARNAIBA,1
260392 CARNAUBEIRA DA PENHA,11
260400 CARPINA,10
260410 CARUARU,964
260415 CASINHAS,1
260420 CATENDE,7
260440 CHA DE ALEGRIA,2
260450 CHA GRANDE,1
260460 CONDADO,3
260470 CORRENTES,4
260480 CORTES,2
260490 CUMARU,3
260500 CUPIRA,5
260510 CUSTODIA,23
260515 DORMENTES,8
260520 ESCADA,15
260530 EXU,7
260540 FEIRA NOVA,6
260545 FERNANDO DE NORONHA,1
260550 FERREIROS,1
260560 FLORES,6
260570 FLORESTA,25
260580 FREI MIGUELINHO,2
260590 GAMELEIRA,1
260600 GARANHUNS,280
260610 GLORIA DO GOITA,2
260620 GOIANA,29
260630 GRANITO,1
260640 GRAVATA,20
260650 IATI,6
260660 IBIMIRIM,19
260680 IGARASSU,25
260690 IGUARACY,2
260700 INAJA,20
260720 IPOJUCA,32
260730 IPUBI,15
260740 ITACURUBA,1
260750 ITAIBA,12
260760 ILHA DE ITAMARACA,7
260765 ITAMBE,11
260770 ITAPETIM,6
260775 ITAPISSUMA,1
260780 ITAQUITINGA,3
260790 JABOATAO DOS GUARARAPES,660
260795 JAQUEIRA,2
260800 JATAUBA,10
260805 JATOBA,5
260810 JOAO ALFREDO,3
260825 JUCATI,4
260830 JUPI,10
260840 JUREMA,4
260845 LAGOA DO CARRO,2
260850 LAGOA DE ITAENGA,4
260860 LAGOA DO OURO,4
260870 LAGOA DOS GATOS,1
260875 LAGOA GRANDE,16
260880 LAJEDO,22
260890 LIMOEIRO,38
260900 MACAPARANA,7
260910 MACHADOS,1
260915 MANARI,12
260920 MARAIAL,2
260930 MIRANDIBA,12
260940 MORENO,7
260950 NAZARE DA MATA,45
260960 OLINDA,142
260970 OROBO,4
260980 OROCO,13
260990 OURICURI,316
261000 PALMARES,308
261010 PALMEIRINA,3
261020 PANELAS,5
261030 PARANATAMA,3
261040 PARNAMIRIM,4
261050 PASSIRA,2
261060 PAUDALHO,7
261070 PAULISTA,29
261080 PEDRA,5
261090 PESQUEIRA,32
261100 PETROLANDIA,40
261110 PETROLINA,2721
261120 POCAO,3
261130 POMBOS,3
261150 QUIPAPA,7
261160 RECIFE,9071
261170 RIACHO DAS ALMAS,1
261180 RIBEIRAO,10
261190 RIO FORMOSO,4
261200 SAIRE,4
261210 SALGADINHO,1
261220 SALGUEIRO,224
261230 SALOA,6
261240 SANHARO,11
261245 SANTA CRUZ,6
261247 SANTA CRUZ DA BAIXA VERDE,1
261250 SANTA CRUZ DO CAPIBARIBE,38
261255 SANTA FILOMENA,2
261260 SANTA MARIA DA BOA VISTA,22
261290 SAO BENEDITO DO SUL,4
261300 SAO BENTO DO UNA,16
261310 SAO CAITANO,9
261320 SAO JOAO,6
261330 SAO JOAQUIM DO MONTE,1
261340 SAO JOSE DA COROA GRANDE,4
261350 SAO JOSE DO BELMONTE,5
261360 SAO JOSE DO EGITO,18
261370 SAO LOURENCO DA MATA,35
261380 SAO VICENTE FERRER,2
261390 SERRA TALHADA,189
261400 SERRITA,3
261410 SERTANIA,7
261420 SIRINHAEM,11
261430 MOREILANDIA,4
261440 SOLIDAO,1
261450 SURUBIM,16
261460 TABIRA,7
261470 TACAIMBO,2
261480 TACARATU,6
261485 TAMANDARE,9
261500 TAQUARITINGA DO NORTE,7
261510 TEREZINHA,3
261530 TIMBAUBA,6
261540 TORITAMA,11
261550 TRACUNHAEM,1
261560 TRINDADE,8
261570 TRIUNFO,2
261580 TUPANATINGA,9
261590 TUPARETAMA,3
261600 VENTUROSA,3
261610 VERDEJANTE,1
261618 VERTENTE DO LERIO,1
261620 VERTENTES,3
261630 VICENCIA,2
261640 VITORIA DE SANTO ANTAO,337
261650 XEXEU,2
270010 AGUA BRANCA,14
270020 ANADIA,2
270030 ARAPIRACA,912
270040 ATALAIA,13
270050 BARRA DE SANTO ANTONIO,4
270060 BARRA DE SAO MIGUEL,2
270070 BATALHA,10
270090 BELO MONTE,2
270100 BOCA DA MATA,8
270110 BRANQUINHA,1
270120 CACIMBINHAS,4
270130 CAJUEIRO,6
270135 CAMPESTRE,1
270140 CAMPO ALEGRE,6
270150 CAMPO GRANDE,1
270160 CANAPI,8
270170 CAPELA,5
270180 CARNEIROS,1
270190 CHA PRETA,2
270200 COITE DO NOIA,1
270210 COLONIA LEOPOLDINA,12
270230 CORURIPE,137
270235 CRAIBAS,3
270240 DELMIRO GOUVEIA,35
270250 DOIS RIACHOS,1
270255 ESTRELA DE ALAGOAS,2
270260 FEIRA GRANDE,2
270280 FLEXEIRAS,2
270290 GIRAU DO PONCIANO,5
270300 IBATEGUARA,9
270310 IGACI,1
270320 IGREJA NOVA,2
270330 INHAPI,10
270350 JACUIPE,1
270380 JOAQUIM GOMES,10
270390 JUNDIA,1
270400 JUNQUEIRO,5
270410 LAGOA DA CANOA,3
270420 LIMOEIRO DE ANADIA,4
270430 MACEIO,3681
270440 MAJOR ISIDORO,2
270450 MARAGOGI,6
270460 MARAVILHA,3
270470 MARECHAL DEODORO,5
270480 MARIBONDO,4
270490 MAR VERMELHO,1
270500 MATA GRANDE,3
270510 MATRIZ DE CAMARAGIBE,11
270520 MESSIAS,8
270530 MINADOR DO NEGRAO,1
270540 MONTEIROPOLIS,3
270550 MURICI,9
270560 NOVO LINO,1
270570 OLHO D'AGUA DAS FLORES,5
270580 OLHO D'AGUA DO CASADO,2
270600 OLIVENCA,2
270610 OURO BRANCO,2
270630 PALMEIRA DOS INDIOS,276
270640 PAO DE ACUCAR,4
270642 PARICONHA,6
270644 PARIPUEIRA,1
270650 PASSO DE CAMARAGIBE,2
270670 PENEDO,103
270680 PIACABUCU,3
270690 PILAR,7
270710 PIRANHAS,15
270720 POCO DAS TRINCHEIRAS,4
270730 PORTO CALVO,7
270760 QUEBRANGULO,2
270770 RIO LARGO,20
270800 SANTANA DO IPANEMA,413
270810 SANTANA DO MUNDAU,2
270830 SAO JOSE DA LAJE,10
270840 SAO JOSE DA TAPERA,19
270850 SAO LUIS DO QUITUNDE,11
270860 SAO MIGUEL DOS CAMPOS,181
270870 SAO MIGUEL DOS MILAGRES,2
270880 SAO SEBASTIAO,8
270890 SATUBA,3
270895 SENADOR RUI PALMEIRA,5
270910 TAQUARANA,3
270915 TEOTONIO VILELA,15
270920 TRAIPU,4
270930 UNIAO DOS PALMARES,70
270940 VICOSA,10
280020 AQUIDABA,5
280030 ARACAJU,4271
280040 ARAUA,2
280050 AREIA BRANCA,2
280060 BARRA DOS COQUEIROS,3
280067 BOQUIM,6
280070 BREJO GRANDE,1
280100 CAMPO DO BRITO,1
280120 CANINDE DE SAO FRANCISCO,18
280130 CAPELA,20
280140 CARIRA,5
280150 CARMOPOLIS,4
280170 CRISTINAPOLIS,3
280190 CUMBE,1
280210 ESTANCIA,96
280230 FREI PAULO,1
280240 GARARU,1
280270 ILHA DAS FLORES,1
280280 INDIAROBA,2
280290 ITABAIANA,124
280300 ITABAIANINHA,9
280310 ITABI,1
280320 ITAPORANGA D'AJUDA,12
280330 JAPARATUBA,3
280340 JAPOATA,2
280350 LAGARTO,71
280360 LARANJEIRAS,7
280380 MALHADA DOS BOIS,1
280390 MALHADOR,2
280400 MARUIM,3
280420 MONTE ALEGRE DE SERGIPE,7
280440 NEOPOLIS,16
280445 NOSSA SENHORA APARECIDA,1
280450 NOSSA SENHORA DA GLORIA,44
280460 NOSSA SENHORA DAS DORES,4
280480 NOSSA SENHORA DO SOCORRO,48
280500 PEDRA MOLE,1
280510 PEDRINHAS,1
280530 PIRAMBU,2
280540 POCO REDONDO,16
280550 POCO VERDE,5
280560 PORTO DA FOLHA,15
280570 PROPRIA,51
280580 RIACHAO DO DANTAS,9
280590 RIACHUELO,1
280600 RIBEIROPOLIS,1
280630 SANTA LUZIA DO ITANHY,2
280650 SANTA ROSA DE LIMA,1
280660 SANTO AMARO DAS BROTAS,2
280670 SAO CRISTOVAO,12
280710 SIMAO DIAS,5
280720 SIRIRI,1
280730 TELHA,1
280740 TOBIAS BARRETO,19
280750 TOMAR DO GERU,4
280760 UMBAUBA,6
290010 ABAIRA,2
290020 ABARE,14
290030 ACAJUTIBA,7
290035 ADUSTINA,3
290040 AGUA FRIA,5
290050 ERICO CARDOSO,2
290060 AIQUARA,1
290070 ALAGOINHAS,350
290080 ALCOBACA,10
290100 AMARGOSA,25
290110 AMELIA RODRIGUES,4
290115 AMERICA DOURADA,9
290120 ANAGE,10
290130 ANDARAI,5
290135 ANDORINHA,6
290140 ANGICAL,1
290150 ANGUERA,1
290160 ANTAS,64
290170 ANTONIO CARDOSO,1
290190 APORA,1
290195 APUAREMA,4
290200 ARACATU,5
290205 ARACAS,3
290210 ARACI,54
290225 ARATACA,2
290230 ARATUIPE,2
290240 AURELINO LEAL,12
290250 BAIANOPOLIS,5
290260 BAIXA GRANDE,7
290265 BANZAE,2
290270 BARRA,158
290280 BARRA DA ESTIVA,82
290290 BARRA DO CHOCA,25
290300 BARRA DO MENDES,2
290320 BARREIRAS,1026
290323 BARRO ALTO,7
290327 BARROCAS,3
290330 BARRO PRETO,2
290340 BELMONTE,16
290350 BELO CAMPO,15
290360 BIRITINGA,7
290370 BOA NOVA,2
290380 BOA VISTA DO TUPIM,6
290390 BOM JESUS DA LAPA,158
290395 BOM JESUS DA SERRA,8
290400 BONINAL,5
290405 BONITO,5
290410 BOQUIRA,19
290420 BOTUPORA,2
290430 BREJOES,10
290440 BREJOLANDIA,2
290450 BROTAS DE MACAUBAS,4
290460 BRUMADO,140
290470 BUERAREMA,4
290475 BURITIRAMA,10
290480 CAATIBA,3
290485 CABACEIRAS DO PARAGUACU,4
290490 CACHOEIRA,15
290500 CACULE,15
290510 CAEM,12
290515 CAETANOS,1
290520 CAETITE,46
290530 CAFARNAUM,12
290540 CAIRU,3
290550 CALDEIRAO GRANDE,14
290560 CAMACAN,46
290570 CAMACARI,326
290580 CAMAMU,29
290590 CAMPO ALEGRE DE LOURDES,26
290600 CAMPO FORMOSO,70
290610 CANAPOLIS,5
290620 CANARANA,12
290630 CANAVIEIRAS,23
290640 CANDEAL,1
290650 CANDEIAS,82
290660 CANDIBA,4
290670 CANDIDO SALES,17
290680 CANSANCAO,42
290682 CANUDOS,15
290685 CAPELA DO ALTO ALEGRE,1
290687 CAPIM GROSSO,28
290689 CARAIBAS,2
290690 CARAVELAS,8
290700 CARDEAL DA SILVA,4
290710 CARINHANHA,33
290720 CASA NOVA,36
290730 CASTRO ALVES,9
290740 CATOLANDIA,2
290750 CATU,27
290755 CATURAMA,4
290760 CENTRAL,1
290770 CHORROCHO,4
290780 CICERO DANTAS,17
290790 CIPO,14
290800 COARACI,4
290810 COCOS,16
290820 CONCEICAO DA FEIRA,4
290830 CONCEICAO DO ALMEIDA,2
290840 CONCEICAO DO COITE,72
290850 CONCEICAO DO JACUIPE,5
290860 CONDE,12
290870 CONDEUBA,5
290880 CONTENDAS DO SINCORA,2
290900 CORDEIROS,1
290910 CORIBE,6
290920 CORONEL JOAO SA,2
290930 CORRENTINA,40
290940 COTEGIPE,4
290950 CRAVOLANDIA,2
290960 CRISOPOLIS,16
290970 CRISTOPOLIS,3
290980 CRUZ DAS ALMAS,79
290990 CURACA,22
291000 DARIO MEIRA,4
291005 DIAS D'AVILA,51
291010 DOM BASILIO,2
291030 ELISIO MEDRADO,1
291040 ENCRUZILHADA,24
291050 ENTRE RIOS,24
291060 ESPLANADA,52
291070 EUCLIDES DA CUNHA,76
291072 EUNAPOLIS,214
291075 FATIMA,2
291080 FEIRA DE SANTANA,2530
291085 FILADELFIA,16
291100 FLORESTA AZUL,1
291110 FORMOSA DO RIO PRETO,12
291120 GANDU,50
291125 GAVIAO,1
291130 GENTIO DO OURO,5
291140 GLORIA,2
291150 GONGOGI,4
291160 GOVERNADOR MANGABEIRA,5
291165 GUAJERU,2
291170 GUANAMBI,367
291180 GUARATINGA,11
291190 IACU,18
291200 IBIASSUCE,12
291210 IBICARAI,4
291220 IBICOARA,1
291230 IBICUI,8
291240 IBIPEBA,6
291250 IBIPITANGA,3
291260 IBIQUERA,2
291270 IBIRAPITANGA,20
291280 IBIRAPUA,8
291290 IBIRATAIA,23
291300 IBITIARA,26
291310 IBITITA,5
291320 IBOTIRAMA,89
291330 ICHU,2
291340 IGAPORA,8
291345 IGRAPIUNA,6
291350 IGUAI,16
291360 ILHEUS,420
291370 INHAMBUPE,36
291380 IPECAETA,1
291390 IPIAU,66
291400 IPIRA,27
291410 IPUPIARA,4
291420 IRAJUBA,7
291430 IRAMAIA,3
291440 IRAQUARA,44
291450 IRARA,8
291460 IRECE,787
291465 ITABELA,26
291470 ITABERABA,81
291480 ITABUNA,1492
291490 ITACARE,12
291500 ITAETE,9
291510 ITAGI,4
291520 ITAGIBA,6
291530 ITAGIMIRIM,4
291535 ITAGUACU DA BAHIA,3
291540 ITAJU DO COLONIA,2
291550 ITAJUIPE,8
291560 ITAMARAJU,109
291570 ITAMARI,2
291580 ITAMBE,23
291590 ITANAGRA,1
291600 ITANHEM,9
291610 ITAPARICA,70
291620 ITAPE,3
291630 ITAPEBI,12
291640 ITAPETINGA,155
291650 ITAPICURU,13
291660 ITAPITANGA,5
291670 ITAQUARA,6
291680 ITARANTIM,24
291685 ITATIM,8
291690 ITIRUCU,8
291700 ITIUBA,26
291710 ITORORO,29
291720 ITUACU,6
291730 ITUBERA,16
291733 IUIU,12
291735 JABORANDI,7
291740 JACARACI,6
291750 JACOBINA,185
291760 JAGUAQUARA,59
291770 JAGUARARI,12
291780 JAGUARIPE,1
291790 JANDAIRA,1
291800 JEQUIE,587
291810 JEREMOABO,18
291820 JIQUIRICA,5
291830 JITAUNA,4
291835 JOAO DOURADO,2
291840 JUAZEIRO,270
291845 JUCURUCU,2
291850 JUSSARA,4
291855 JUSSARI,1
291860 JUSSIAPE,1
291870 LAFAIETE COUTINHO,1
291875 LAGOA REAL,3
291880 LAJE,11
291890 LAJEDAO,1
291905 LAJEDO DO TABOCAL,1
291910 LAMARAO,1
291915 LAPAO,5
291920 LAURO DE FREITAS,158
291930 LENCOIS,4
291940 LICINIO DE ALMEIDA,4
291950 LIVRAMENTO DE NOSSA SENHORA,35
291955 LUIS EDUARDO MAGALHAES,111
291960 MACAJUBA,8
291970 MACARANI,21
291980 MACAUBAS,42
291990 MACURURE,7
291992 MADRE DE DEUS,27
291995 MAETINGA,3
292000 MAIQUINIQUE,5
292010 MAIRI,11
292020 MALHADA,11
292030 MALHADA DE PEDRAS,2
292040 MANOEL VITORINO,2
292045 MANSIDAO,1
292050 MARACAS,19
292060 MARAGOGIPE,7
292070 MARAU,5
292080 MARCIONILIO SOUZA,6
292090 MASCOTE,1
292100 MATA DE SAO JOAO,52
292105 MATINA,1
292110 MEDEIROS NETO,24
292120 MIGUEL CALMON,34
292130 MILAGRES,4
292140 MIRANGABA,1
292150 MONTE SANTO,52
292160 MORPARA,2
292170 MORRO DO CHAPEU,29
292180 MORTUGABA,4
292190 MUCUGE,10
292200 MUCURI,31
292205 MULUNGU DO MORRO,7
292210 MUNDO NOVO,9
292225 MUQUEM DE SAO FRANCISCO,2
292230 MURITIBA,4
292240 MUTUIPE,19
292250 NAZARE,16
292260 NILO PECANHA,2
292265 NORDESTINA,14
292270 NOVA CANAA,11
292280 NOVA ITARANA,1
292285 NOVA REDENCAO,1
292290 NOVA SOURE,36
292300 NOVA VICOSA,38
292303 NOVO HORIZONTE,2
292305 NOVO TRIUNFO,1
292310 OLINDINA,18
292320 OLIVEIRA DOS BREJINHOS,6
292330 OURICANGAS,4
292335 OUROLANDIA,15
292340 PALMAS DE MONTE ALTO,19
292350 PALMEIRAS,3
292360 PARAMIRIM,83
292370 PARATINGA,38
292380 PARIPIRANGA,5
292390 PAU BRASIL,5
292400 PAULO AFONSO,238
292405 PE DE SERRA,3
292410 PEDRAO,3
292420 PEDRO ALEXANDRE,4
292430 PIATA,25
292440 PILAO ARCADO,31
292450 PINDAI,3
292460 PINDOBACU,15
292467 PIRAI DO NORTE,5
292470 PIRIPA,5
292480 PIRITIBA,9
292490 PLANALTINO,1
292500 PLANALTO,19
292510 POCOES,41
292520 POJUCA,51
292525 PONTO NOVO,13
292530 PORTO SEGURO,371
292540 POTIRAGUA,4
292550 PRADO,29
292560 PRESIDENTE DUTRA,2
292570 PRESIDENTE JANIO QUADROS,2
292575 PRESIDENTE TANCREDO NEVES,25
292580 QUEIMADAS,12
292590 QUIJINGUE,26
292595 RAFAEL JAMBEIRO,9
292600 REMANSO,49
292610 RETIROLANDIA,1
292620 RIACHAO DAS NEVES,3
292630 RIACHAO DO JACUIPE,35
292640 RIACHO DE SANTANA,23
292650 RIBEIRA DO AMPARO,5
292660 RIBEIRA DO POMBAL,175
292665 RIBEIRAO DO LARGO,1
292670 RIO DE CONTAS,8
292680 RIO DO ANTONIO,2
292690 RIO DO PIRES,2
292700 RIO REAL,27
292710 RODELAS,5
292720 RUY BARBOSA,49
292730 SALINAS DA MARGARIDA,7
292740 SALVADOR,8171
292750 SANTA BARBARA,8
292760 SANTA BRIGIDA,3
292770 SANTA CRUZ CABRALIA,11
292780 SANTA CRUZ DA VITORIA,2
292790 SANTA INES,6
292800 SANTALUZ,36
292805 SANTA LUZIA,6
292810 SANTA MARIA DA VITORIA,47
292820 SANTANA,20
292840 SANTA RITA DE CASSIA,42
292850 SANTA TERESINHA,6
292860 SANTO AMARO,16
292870 SANTO ANTONIO DE JESUS,308
292880 SANTO ESTEVAO,15
292890 SAO DESIDERIO,14
292895 SAO DOMINGOS,1
292900 SAO FELIX,60
292905 SAO FELIX DO CORIBE,11
292910 SAO FELIPE,2
292920 SAO FRANCISCO DO CONDE,55
292925 SAO GABRIEL,7
292930 SAO GONCALO DOS CAMPOS,6
292935 SAO JOSE DA VITORIA,3
292937 SAO JOSE DO JACUIPE,1
292940 SAO MIGUEL DAS MATAS,6
292950 SAO SEBASTIAO DO PASSE,13
292960 SAPEACU,16
292970 SATIRO DIAS,10
292975 SAUBARA,2
292980 SAUDE,8
292990 SEABRA,25
293000 SEBASTIAO LARANJEIRAS,9
293010 SENHOR DO BONFIM,114
293015 SERRA DO RAMALHO,21
293020 SENTO SE,23
293030 SERRA DOURADA,8
293040 SERRA PRETA,5
293050 SERRINHA,68
293060 SERROLANDIA,4
293070 SIMOES FILHO,124
293075 SITIO DO MATO,7
293076 SITIO DO QUINTO,2
293077 SOBRADINHO,15
293080 SOUTO SOARES,7
293090 TABOCAS DO BREJO VELHO,1
293100 TANHACU,7
293105 TANQUE NOVO,8
293110 TANQUINHO,1
293120 TAPEROA,5
293130 TAPIRAMUTA,8
293135 TEIXEIRA DE FREITAS,372
293140 TEODORO SAMPAIO,3
293150 TEOFILANDIA,13
293160 TEOLANDIA,7
293170 TERRA NOVA,4
293180 TREMEDAL,7
293190 TUCANO,35
293200 UAUA,10
293210 UBAIRA,15
293220 UBAITABA,8
293230 UBATA,2
293240 UIBAI,2
293245 UMBURANAS,2
293250 UNA,9
293260 URANDI,6
293270 URUCUCA,3
293280 UTINGA,6
293290 VALENCA,236
293300 VALENTE,11
293305 VARZEA DA ROCA,1
293310 VARZEA DO POCO,7
293315 VARZEA NOVA,3
293320 VERA CRUZ,5
293330 VITORIA DA CONQUISTA,1386
293340 WAGNER,7
293345 WANDERLEY,5
293350 WENCESLAU GUIMARAES,10
293360 XIQUE-XIQUE,18
310010 ABADIA DOS DOURADOS,1
310020 ABAETE,9
310030 ABRE CAMPO,9
310050 ACUCENA,1
310060 AGUA BOA,3
310080 AGUANIL,1
310090 AGUAS FORMOSAS,64
310100 AGUAS VERMELHAS,7
310110 AIMORES,10
310120 AIURUOCA,12
310150 ALEM PARAIBA,32
310160 ALFENAS,361
310163 ALFREDO VASCONCELOS,1
310170 ALMENARA,100
310180 ALPERCATA,1
310190 ALPINOPOLIS,6
310200 ALTEROSA,4
310210 ALTO RIO DOCE,3
310230 ALVINOPOLIS,1
310250 AMPARO DO SERRA,1
310260 ANDRADAS,16
310270 CACHOEIRA DE PAJEU,4
310280 ANDRELANDIA,5
310285 ANGELANDIA,2
310290 ANTONIO CARLOS,2
310300 ANTONIO DIAS,1
310340 ARACUAI,62
310350 ARAGUARI,135
310370 ARAPONGA,1
310375 ARAPORA,4
310390 ARAUJOS,1
310400 ARAXA,41
310410 ARCEBURGO,3
310420 ARCOS,20
310430 AREADO,2
310450 ARINOS,5
310470 ATALEIA,1
310480 AUGUSTO DE LIMA,1
310490 BAEPENDI,9
310510 BAMBUI,8
310540 BARAO DE COCAIS,9
310550 BARAO DE MONTE ALTO,1
310560 BARBACENA,326
310590 BARROSO,6
310610 BELMIRO BRAGA,2
310620 BELO HORIZONTE,6223
310630 BELO ORIENTE,2
310640 BELO VALE,3
310650 BERILO,2
310660 BERTOPOLIS,3
310670 BETIM,627
310690 BICAS,7
310710 BOA ESPERANCA,38
310730 BOCAIUVA,30
310740 BOM DESPACHO,32
310750 BOM JARDIM DE MINAS,1
310770 BOM JESUS DO AMPARO,1
310780 BOM JESUS DO GALHO,5
310790 BOM REPOUSO,2
310800 BOM SUCESSO,9
310820 BONFINOPOLIS DE MINAS,1
310825 BONITO DE MINAS,3
310830 BORDA DA MATA,2
310840 BOTELHOS,2
310850 BOTUMIRIM,1
310855 BRASILANDIA DE MINAS,4
310860 BRASILIA DE MINAS,58
310900 BRUMADINHO,11
310910 BUENO BRANDAO,2
310920 BUENOPOLIS,1
310930 BURITIS,10
310940 BURITIZEIRO,7
310945 CABECEIRA GRANDE,2
310950 CABO VERDE,5
310990 CAETANOPOLIS,3
311000 CAETE,20
311020 CAJURI,1
311050 CAMANDUCAIA,3
311060 CAMBUI,7
311070 CAMBUQUIRA,7
311090 CAMPANHA,7
311100 CAMPESTRE,6
311110 CAMPINA VERDE,1
311120 CAMPO BELO,27
311130 CAMPO DO MEIO,1
311140 CAMPO FLORIDO,4
311150 CAMPOS ALTOS,14
311160 CAMPOS GERAIS,7
311180 CANAPOLIS,4
311210 CAPARAO,1
311230 CAPELINHA,42
311265 CAPITAO ANDRADE,1
311270 CAPITAO ENEAS,3
311290 CAPUTIRA,1
311300 CARAI,13
311320 CARANDAI,5
311330 CARANGOLA,138
311340 CARATINGA,250
311350 CARBONITA,1
311360 CAREACU,1
311370 CARLOS CHAGAS,8
311380 CARMESIA,1
311390 CARMO DA CACHOEIRA,5
311400 CARMO DA MATA,2
311420 CARMO DO CAJURU,4
311430 CARMO DO PARANAIBA,7
311440 CARMO DO RIO CLARO,2
311450 CARMOPOLIS DE MINAS,14
311455 CARNEIRINHO,2
311460 CARRANCAS,1
311510 CASSIA,6
311530 CATAGUASES,52
311545 CATUJI,3
311550 CAXAMBU,10
311590 CHACARA,1
311615 CHAPADA GAUCHA,9
311630 CIPOTANEA,2
311650 CLARO DOS POCOES,1
311660 CLAUDIO,15
311670 COIMBRA,3
311680 COLUNA,8
311700 COMERCINHO,1
311710 CONCEICAO DA APARECIDA,1
311730 CONCEICAO DAS ALAGOAS,6
311740 CONCEICAO DE IPANEMA,1
311750 CONCEICAO DO MATO DENTRO,3
311770 CONCEICAO DO RIO VERDE,4
311800 CONGONHAS,33
311820 CONQUISTA,1
311830 CONSELHEIRO LAFAIETE,103
311840 CONSELHEIRO PENA,5
311860 CONTAGEM,469
311870 COQUEIRAL,1
311880 CORACAO DE JESUS,12
311910 CORINTO,5
311930 COROMANDEL,6
311940 CORONEL FABRICIANO,38
311950 CORONEL MURTA,1
312010 COUTO DE MAGALHAES DE MINAS,1
312020 CRISTAIS,1
312050 CRISTINA,1
312060 CRUCILANDIA,1
312070 CRUZEIRO DA FORTALEZA,1
312080 CRUZILIA,10
312083 CUPARAQUE,2
312087 CURRAL DE DENTRO,3
312090 CURVELO,107
312100 DATAS,3
312120 DELFINOPOLIS,1
312125 DELTA,1
312130 DESCOBERTO,1
312150 DESTERRO DO MELO,1
312160 DIAMANTINA,222
312170 DIOGO DE VASCONCELOS,1
312200 DIVINO,6
312210 DIVINO DAS LARANJEIRAS,2
312220 DIVINOLANDIA DE MINAS,2
312230 DIVINOPOLIS,295
312235 DIVISA ALEGRE,1
312260 DOM JOAQUIM,1
312290 DONA EUSEBIA,1
312300 DORES DE CAMPOS,1
312320 DORES DO INDAIA,9
312352 DURANDE,1
312360 ELOI MENDES,4
312380 ENGENHEIRO NAVARRO,1
312390 ENTRE RIOS DE MINAS,6
312400 ERVALIA,5
312410 ESMERALDAS,11
312420 ESPERA FELIZ,3
312430 ESPINOSA,12
312450 ESTIVA,1
312470 ESTRELA DO INDAIA,3
312480 ESTRELA DO SUL,1
312490 EUGENOPOLIS,1
312510 EXTREMA,13
312560 FELISBURGO,13
312570 FELIXLANDIA,1
312590 FERROS,3
312610 FORMIGA,79
312620 FORMOSO,4
312650 FRANCISCO BADARO,2
312670 FRANCISCO SA,13
312675 FRANCISCOPOLIS,1
312680 FREI GASPAR,1
312690 FREI INOCENCIO,1
312700 FRONTEIRA,2
312705 FRONTEIRA DOS VALES,1
312707 FRUTA DE LEITE,1
312710 FRUTAL,16
312730 GALILEIA,1
312738 GOIANA,1
312760 GOUVEIA,2
312770 GOVERNADOR VALADARES,793
312780 GRAO MOGOL,4
312800 GUANHAES,51
312830 GUARANESIA,8
312840 GUARANI,5
312850 GUARARA,1
312860 GUARDA-MOR,1
312870 GUAXUPE,26
312890 GUIMARANIA,2
312920 HELIODORA,1
312940 IBERTIOGA,1
312950 IBIA,5
312970 IBIRACI,1
312980 IBIRITE,56
313005 ICARAI DE MINAS,1
313010 IGARAPE,9
313020 IGARATINGA,2
313030 IGUATAMA,1
313040 IJACI,1
313050 ILICINEA,4
313065 INDAIABIRA,1
313070 INDIANOPOLIS,3
313090 INHAPIM,1
313115 IPABA,2
313120 IPANEMA,11
313130 IPATINGA,515
313150 IPUIUNA,1
313170 ITABIRA,104
313180 ITABIRINHA,2
313190 ITABIRITO,23
313210 ITACARAMBI,22
313220 ITAGUARA,7
313230 ITAIPE,9
313240 ITAJUBA,212
313250 ITAMARANDIBA,18
313270 ITAMBACURI,26
313300 ITAMONTE,5
313310 ITANHANDU,5
313320 ITANHOMI,4
313330 ITAOBIM,42
313340 ITAPAGIPE,1
313350 ITAPECERICA,3
313360 ITAPEVA,1
313370 ITATIAIUCU,5
313380 ITAUNA,53
313390 ITAVERAVA,1
313400 ITINGA,1
313420 ITUIUTABA,58
313440 ITURAMA,21
313460 JABOTICATUBAS,3
313470 JACINTO,8
313480 JACUI,2
313490 JACUTINGA,9
313505 JAIBA,16
313507 JAMPRUCA,1
313510 JANAUBA,267
313520 JANUARIA,80
313530 JAPARAIBA,1
313535 JAPONVAR,2
313560 JEQUITAI,3
313570 JEQUITIBA,2
313580 JEQUITINHONHA,25
313600 JOAIMA,20
313620 JOAO MONLEVADE,80
313630 JOAO PINHEIRO,29
313640 JOAQUIM FELICIO,1
313650 JORDANIA,2
313655 JOSE RAYDAN,1
313657 JOSENOPOLIS,1
313660 NOVA UNIAO,1
313665 JUATUBA,3
313670 JUIZ DE FORA,1078
313690 JURUAIA,3
313700 LADAINHA,8
313710 LAGAMAR,1
313720 LAGOA DA PRATA,39
313740 LAGOA DOURADA,1
313750 LAGOA FORMOSA,4
313760 LAGOA SANTA,14
313770 LAJINHA,15
313780 LAMBARI,7
313800 LARANJAL,2
313810 LASSANCE,1
313820 LAVRAS,288
313835 LEME DO PRADO,1
313840 LEOPOLDINA,35
313850 LIBERDADE,1
313860 LIMA DUARTE,7
313862 LIMEIRA DO OESTE,1
313865 LONTRA,1
313880 LUZ,18
313890 MACHACALIS,19
313900 MACHADO,22
313920 MALACACHETA,37
313925 MAMONAS,1
313930 MANGA,41
313940 MANHUACU,190
313950 MANHUMIRIM,14
313960 MANTENA,11
313970 MARAVILHAS,1
313980 MAR DE ESPANHA,3
313990 MARIA DA FE,1
314000 MARIANA,58
314010 MARILAC,3
314015 MARIO CAMPOS,1
314040 MARMELOPOLIS,1
314050 MARTINHO CAMPOS,2
314055 MATA VERDE,2
314070 MATEUS LEME,2
314080 MATIAS BARBOSA,4
314085 MATIAS CARDOSO,3
314090 MATIPO,8
314100 MATO VERDE,3
314110 MATOZINHOS,5
314120 MATUTINA,1
314140 MEDINA,19
314150 MENDES PIMENTEL,2
314160 MERCES,2
314180 MINAS NOVAS,43
314200 MIRABELA,11
314220 MIRAI,3
314240 MOEMA,2
314260 MONSENHOR PAULO,2
314270 MONTALVANIA,13
314280 MONTE ALEGRE DE MINAS,5
314290 MONTE AZUL,18
314300 MONTE BELO,1
314310 MONTE CARMELO,30
314315 MONTE FORMOSO,2
314320 MONTE SANTO DE MINAS,5
314330 MONTES CLAROS,1211
314340 MONTE SIAO,3
314345 MONTEZUMA,1
314350 MORADA NOVA DE MINAS,3
314370 MORRO DO PILAR,2
314380 MUNHOZ,1
314390 MURIAE,197
314400 MUTUM,13
314410 MUZAMBINHO,6
314430 NANUQUE,42
314435 NAQUE,3
314450 NAZARENO,1
314460 NEPOMUCENO,9
314470 NOVA ERA,3
314480 NOVA LIMA,849
314490 NOVA MODICA,1
314500 NOVA PONTE,1
314510 NOVA RESENDE,1
314520 NOVA SERRANA,53
314530 NOVO CRUZEIRO,15
314535 NOVO ORIENTE DE MINAS,4
314560 OLIVEIRA,19
314570 OLIVEIRA FORTES,1
314587 ORIZANIA,1
314590 OURO BRANCO,16
314600 OURO FINO,26
314610 OURO PRETO,37
314620 OURO VERDE DE MINAS,5
314630 PADRE PARAISO,36
314640 PAINEIRAS,1
314650 PAINS,1
314655 PAI PEDRO,1
314675 PALMOPOLIS,1
314690 PAPAGAIOS,1
314700 PARACATU,42
314710 PARA DE MINAS,49
314720 PARAGUACU,3
314730 PARAISOPOLIS,2
314740 PARAOPEBA,5
314760 PASSA QUATRO,7
314770 PASSA TEMPO,1
314790 PASSOS,470
314795 PATIS,1
314800 PATOS DE MINAS,552
314810 PATROCINIO,117
314840 PAULISTAS,2
314850 PAVAO,3
314860 PECANHA,25
314870 PEDRA AZUL,39
314875 PEDRA BONITA,2
314910 PEDRALVA,1
314915 PEDRAS DE MARIA DA CRUZ,2
314920 PEDRINOPOLIS,1
314930 PEDRO LEOPOLDO,40
314970 PERDIGAO,2
314980 PERDIZES,8
314990 PERDOES,2
314995 PERIQUITO,2
315030 PIEDADE DO RIO GRANDE,2
315057 PINTOPOLIS,1
315060 PIRACEMA,1
315070 PIRAJUBA,1
315080 PIRANGA,3
315100 PIRANGUINHO,1
315110 PIRAPETINGA,8
315120 PIRAPORA,163
315130 PIRAUBA,1
315140 PITANGUI,21
315150 PIUMHI,18
315160 PLANURA,4
315170 POCO FUNDO,3
315180 POCOS DE CALDAS,175
315190 POCRANE,4
315200 POMPEU,15
315210 PONTE NOVA,166
315213 PONTO CHIQUE,1
315217 PONTO DOS VOLANTES,2
315220 PORTEIRINHA,25
315230 PORTO FIRME,1
315240 POTE,6
315250 POUSO ALEGRE,457
315270 PRADOS,1
315280 PRATA,4
315310 PRESIDENTE BERNARDES,1
315340 PRESIDENTE OLEGARIO,5
315350 ALTO JEQUITIBA,1
315360 PRUDENTE DE MORAIS,1
315370 QUARTEL GERAL,1
315390 RAPOSOS,1
315400 RAUL SOARES,17
315410 RECREIO,5
315420 RESENDE COSTA,9
315430 RESPLENDOR,35
315445 RIACHINHO,2
315450 RIACHO DOS MACHADOS,2
315460 RIBEIRAO DAS NEVES,97
315470 RIBEIRAO VERMELHO,1
315490 RIO CASCA,1
315510 RIO DO PRADO,1
315520 RIO ESPERA,2
315550 RIO PARANAIBA,3
315560 RIO PARDO DE MINAS,10
315580 RIO POMBA,8
315590 RIO PRETO,1
315600 RIO VERMELHO,5
315650 RUBELITA,1
315660 RUBIM,9
315670 SABARA,21
315680 SABINOPOLIS,14
315690 SACRAMENTO,9
315700 SALINAS,34
315710 SALTO DA DIVISA,2
315720 SANTA BARBARA,22
315727 SANTA BARBARA DO MONTE VERDE,1
315730 SANTA BARBARA DO TUGURIO,2
315733 SANTA CRUZ DE MINAS,2
315737 SANTA CRUZ DE SALINAS,1
315765 SANTA HELENA DE MINAS,3
315770 SANTA JULIANA,6
315780 SANTA LUZIA,29
315790 SANTA MARGARIDA,7
315800 SANTA MARIA DE ITABIRA,1
315820 SANTA MARIA DO SUACUI,33
315830 SANTANA DA VARGEM,1
315850 SANTANA DE PIRAPAMA,1
315870 SANTANA DO GARAMBEU,1
315880 SANTANA DO JACARE,1
315890 SANTANA DO MANHUACU,5
315895 SANTANA DO PARAISO,1
315900 SANTANA DO RIACHO,1
315930 SANTA RITA DE JACUTINGA,2
315950 SANTA RITA DO ITUETO,1
315960 SANTA RITA DO SAPUCAI,6
315970 SANTA ROSA DA SERRA,1
315980 SANTA VITORIA,10
315990 SANTO ANTONIO DO AMPARO,4
316020 SANTO ANTONIO DO ITAMBE,1
316030 SANTO ANTONIO DO JACINTO,1
316040 SANTO ANTONIO DO MONTE,9
316045 SANTO ANTONIO DO RETIRO,1
316060 SANTO HIPOLITO,1
316070 SANTOS DUMONT,27
316100 SAO DOMINGOS DO PRATA,4
316105 SAO FELIX DE MINAS,1
316110 SAO FRANCISCO,76
316165 SAO GERALDO DO BAIXIO,1
316180 SAO GONCALO DO PARA,1
316190 SAO GONCALO DO RIO ABAIXO,3
316200 SAO GONCALO DO SAPUCAI,24
316210 SAO GOTARDO,28
316230 SAO JOAO DA MATA,1
316240 SAO JOAO DA PONTE,6
316245 SAO JOAO DAS MISSOES,8
316250 SAO JOAO DEL REI,153
316260 SAO JOAO DO ORIENTE,2
316265 SAO JOAO DO PACUI,1
316270 SAO JOAO DO PARAISO,15
316280 SAO JOAO EVANGELISTA,13
316290 SAO JOAO NEPOMUCENO,22
316292 SAO JOAQUIM DE BICAS,5
316294 SAO JOSE DA BARRA,1
316295 SAO JOSE DA LAPA,3
316300 SAO JOSE DA SAFIRA,1
316340 SAO JOSE DO GOIABAL,1
316350 SAO JOSE DO JACURI,1
316370 SAO LOURENCO,132
316390 SAO PEDRO DA UNIAO,2
316400 SAO PEDRO DOS FERROS,1
316420 SAO ROMAO,5
316430 SAO ROQUE DE MINAS,1
316460 SAO SEBASTIAO DO OESTE,1
316470 SAO SEBASTIAO DO PARAISO,170
316480 SAO SEBASTIAO DO RIO PRETO,1
316500 SAO TIAGO,1
316510 SAO TOMAS DE AQUINO,3
316520 SAO THOME DAS LETRAS,2
316530 SAO VICENTE DE MINAS,1
316553 SARZEDO,5
316555 SETUBINHA,7
316570 SENADOR FIRMINO,1
316600 SENHORA DE OLIVEIRA,2
316610 SENHORA DO PORTO,3
316630 SERICITA,2
316650 SERRA AZUL DE MINAS,1
316680 SERRA DO SALITRE,2
316690 SERRANIA,1
316695 SERRANOPOLIS DE MINAS,1
316710 SERRO,22
316720 SETE LAGOAS,422
316760 SIMONESIA,5
316780 SOLEDADE DE MINAS,1
316800 TAIOBEIRAS,107
316805 TAPARUBA,1
316810 TAPIRA,1
316840 TARUMIRIM,2
316860 TEOFILO OTONI,711
316870 TIMOTEO,76
316880 TIRADENTES,1
316890 TIROS,1
316900 TOCANTINS,2
316910 TOLEDO,1
316920 TOMBOS,2
316930 TRES CORACOES,138
316935 TRES MARIAS,13
316940 TRES PONTAS,37
316950 TUMIRITINGA,2
316960 TUPACIGUARA,2
316970 TURMALINA,21
316990 UBA,241
317000 UBAI,1
317010 UBERABA,692
317020 UBERLANDIA,1139
317040 UNAI,65
317052 URUCUIA,5
317057 VARGEM ALEGRE,1
317070 VARGINHA,211
317075 VARJAO DE MINAS,2
317080 VARZEA DA PALMA,17
317090 VARZELANDIA,10
317100 VAZANTE,8
317103 VERDELANDIA,2
317107 VEREDINHA,1
317120 VESPASIANO,20
317130 VICOSA,131
317180 VIRGINOPOLIS,12
317200 VISCONDE DO RIO BRANCO,24
317210 VOLTA GRANDE,1
320010 AFONSO CLAUDIO,18
320016 AGUA DOCE DO NORTE,1
320020 ALEGRE,8
320040 ANCHIETA,9
320060 ARACRUZ,35
320070 ATILIO VIVACQUA,2
320080 BAIXO GUANDU,6
320090 BARRA DE SAO FRANCISCO,38
320100 BOA ESPERANCA,4
320115 BREJETUBA,3
320120 CACHOEIRO DE ITAPEMIRIM,733
320130 CARIACICA,111
320140 CASTELO,10
320150 COLATINA,659
320160 CONCEICAO DA BARRA,7
320170 CONCEICAO DO CASTELO,1
320180 DIVINO DE SAO LOURENCO,1
320190 DOMINGOS MARTINS,11
320200 DORES DO RIO PRETO,1
320210 ECOPORANGA,10
320220 FUNDAO,2
320230 GUACUI,17
320240 GUARAPARI,77
320245 IBATIBA,17
320250 IBIRACU,3
320255 IBITIRAMA,1
320260 ICONHA,2
320265 IRUPI,1
320280 ITAPEMIRIM,32
320300 IUNA,21
320305 JAGUARE,9
320310 JERONIMO MONTEIRO,2
320313 JOAO NEIVA,1
320316 LARANJA DA TERRA,1
320320 LINHARES,166
320330 MANTENOPOLIS,2
320334 MARECHAL FLORIANO,1
320340 MIMOSO DO SUL,4
320350 MONTANHA,11
320360 MUCURICI,5
320370 MUNIZ FREIRE,8
320380 MUQUI,1
320390 NOVA VENECIA,12
320400 PANCAS,2
320405 PEDRO CANARIO,11
320410 PINHEIROS,8
320420 PIUMA,2
320430 PRESIDENTE KENNEDY,1
320435 RIO BANANAL,2
320440 RIO NOVO DO SUL,1
320450 SANTA LEOPOLDINA,2
320455 SANTA MARIA DE JETIBA,14
320460 SANTA TERESA,11
320470 SAO GABRIEL DA PALHA,15
320480 SAO JOSE DO CALCADO,10
320490 SAO MATEUS,194
320500 SERRA,1118
320501 SOORETAMA,5
320503 VARGEM ALTA,1
320506 VENDA NOVA DO IMIGRANTE,27
320510 VIANA,7
320515 VILA PAVAO,1
320517 VILA VALERIO,3
320520 VILA VELHA,1029
320530 VITORIA,911
330010 ANGRA DOS REIS,175
330015 APERIBE,6
330020 ARARUAMA,133
330022 AREAL,1
330023 ARMACAO DOS BUZIOS,40
330025 ARRAIAL DO CABO,21
330030 BARRA DO PIRAI,41
330040 BARRA MANSA,248
330045 BELFORD ROXO,166
330050 BOM JARDIM,26
330060 BOM JESUS DO ITABAPOANA,33
330070 CABO FRIO,272
330080 CACHOEIRAS DE MACACU,28
330090 CAMBUCI,7
330100 CAMPOS DOS GOYTACAZES,1330
330110 CANTAGALO,49
330115 CARDOSO MOREIRA,3
330120 CARMO,15
330130 CASIMIRO DE ABREU,20
330140 CONCEICAO DE MACABU,3
330150 CORDEIRO,16
330160 DUAS BARRAS,6
330170 DUQUE DE CAXIAS,2104
330180 ENGENHEIRO PAULO DE FRONTIN,2
330185 GUAPIMIRIM,27
330187 IGUABA GRANDE,6
330190 ITABORAI,90
330200 ITAGUAI,55
330205 ITALVA,1
330210 ITAOCARA,23
330220 ITAPERUNA,188
330225 ITATIAIA,2
330227 JAPERI,23
330230 LAJE DO MURIAE,1
330240 MACAE,539
330245 MACUCO,2
330250 MAGE,135
330260 MANGARATIBA,25
330270 MARICA,58
330285 MESQUITA,422
330290 MIGUEL PEREIRA,33
330300 MIRACEMA,26
330310 NATIVIDADE,10
330320 NILOPOLIS,404
330330 NITEROI,1407
330340 NOVA FRIBURGO,166
330350 NOVA IGUACU,1235
330360 PARACAMBI,28
330370 PARAIBA DO SUL,9
330380 PARATY,36
330390 PETROPOLIS,498
330395 PINHEIRAL,11
330400 PIRAI,15
330410 PORCIUNCULA,5
330411 PORTO REAL,5
330412 QUATIS,1
330414 QUEIMADOS,113
330415 QUISSAMA,14
330420 RESENDE,276
330430 RIO BONITO,53
330440 RIO CLARO,2
330450 RIO DAS FLORES,1
330452 RIO DAS OSTRAS,94
330455 RIO DE JANEIRO,11063
330460 SANTA MARIA MADALENA,8
330470 SANTO ANTONIO DE PADUA,35
330475 SAO FRANCISCO DE ITABAPOANA,6
330480 SAO FIDELIS,11
330490 SAO GONCALO,617
330500 SAO JOAO DA BARRA,5
330510 SAO JOAO DE MERITI,1196
330513 SAO JOSE DE UBA,1
330515 SAO JOSE DO VALE DO RIO PRETO,3
330520 SAO PEDRO DA ALDEIA,68
330530 SAO SEBASTIAO DO ALTO,8
330540 SAPUCAIA,2
330550 SAQUAREMA,264
330555 SEROPEDICA,37
330560 SILVA JARDIM,6
330570 SUMIDOURO,12
330575 TANGUA,4
330580 TERESOPOLIS,110
330590 TRAJANO DE MORAES,1
330600 TRES RIOS,141
330610 VALENCA,82
330615 VARRE-SAI,2
330620 VASSOURAS,128
330630 VOLTA REDONDA,511
350010 ADAMANTINA,17
350030 AGUAI,5
350050 AGUAS DE LINDOIA,9
350060 AGUAS DE SAO PEDRO,1
350070 AGUDOS,14
350100 ALTINOPOLIS,4
350110 ALTO ALEGRE,1
350115 ALUMINIO,4
350130 ALVARES MACHADO,1
350160 AMERICANA,326
350170 AMERICO BRASILIENSE,7
350180 AMERICO DE CAMPOS,1
350190 AMPARO,14
350200 ANALANDIA,1
350210 ANDRADINA,31
350220 ANGATUBA,6
350250 APARECIDA,32
350270 APIAI,19
350275 ARACARIGUAMA,6
350280 ARACATUBA,681
350300 ARAMINA,1
350310 ARANDU,2
350315 ARAPEI,1
350320 ARARAQUARA,351
350330 ARARAS,220
350340 AREALVA,1
350360 AREIOPOLIS,2
350370 ARIRANHA,1
350380 ARTUR NOGUEIRA,6
350390 ARUJA,130
350400 ASSIS,312
350410 ATIBAIA,117
350420 AURIFLAMA,5
350440 AVANHANDAVA,1
350450 AVARE,78
350470 BALBINOS,1
350510 BARBOSA,1
350520 BARIRI,8
350530 BARRA BONITA,7
350535 BARRA DO CHAPEU,1
350540 BARRA DO TURVO,4
350550 BARRETOS,303
350560 BARRINHA,3
350570 BARUERI,545
350580 BASTOS,11
350590 BATATAIS,12
350600 BAURU,721
350610 BEBEDOURO,42
350630 BERNARDINO DE CAMPOS,2
350635 BERTIOGA,47
350650 BIRIGUI,41
350660 BIRITIBA-MIRIM,3
350670 BOA ESPERANCA DO SUL,3
350680 BOCAINA,1
350690 BOFETE,1
350700 BOITUVA,16
350710 BOM JESUS DOS PERDOES,4
350740 BORBOREMA,3
350750 BOTUCATU,677
350760 BRAGANCA PAULISTA,391
350780 BRODOWSKI,5
350790 BROTAS,7
350800 BURI,5
350810 BURITAMA,4
350820 BURITIZAL,2
350830 CABRALIA PAULISTA,2
350840 CABREUVA,21
350850 CACAPAVA,22
350860 CACHOEIRA PAULISTA,7
350870 CACONDE,2
350880 CAFELANDIA,6
350900 CAIEIRAS,147
350920 CAJAMAR,23
350925 CAJATI,6
350930 CAJOBI,1
350940 CAJURU,9
350945 CAMPINA DO MONTE ALEGRE,1
350950 CAMPINAS,2082
350960 CAMPO LIMPO PAULISTA,19
350970 CAMPOS DO JORDAO,26
350990 CANANEIA,4
351000 CANDIDO MOTA,4
351015 CANITAR,2
351020 CAPAO BONITO,31
351030 CAPELA DO ALTO,2
351040 CAPIVARI,26
351050 CARAGUATATUBA,241
351060 CARAPICUIBA,419
351070 CARDOSO,1
351080 CASA BRANCA,11
351100 CASTILHO,4
351110 CATANDUVA,338
351130 CEDRAL,2
351140 CERQUEIRA CESAR,16
351150 CERQUILHO,6
351160 CESARIO LANGE,4
351170 CHARQUEADA,3
351190 CLEMENTINA,1
351200 COLINA,2
351220 CONCHAL,18
351230 CONCHAS,2
351250 COROADOS,3
351270 CORUMBATAI,1
351280 COSMOPOLIS,19
351290 COSMORAMA,1
351300 COTIA,264
351310 CRAVINHOS,7
351320 CRISTAIS PAULISTA,1
351340 CRUZEIRO,82
351350 CUBATAO,162
351360 CUNHA,4
351370 DESCALVADO,5
351380 DIADEMA,496
351390 DIVINOLANDIA,3
351410 DOIS CORREGOS,4
351440 DRACENA,17
351450 DUARTINA,7
351460 DUMONT,1
351470 ECHAPORA,2
351480 ELDORADO,4
351500 EMBU DAS ARTES,64
351510 EMBU-GUACU,8
351515 ENGENHEIRO COELHO,2
351518 ESPIRITO SANTO DO PINHAL,14
351520 ESTRELA D'OESTE,1
351540 FARTURA,3
351550 FERNANDOPOLIS,19
351560 FERNANDO PRESTES,1
351570 FERRAZ DE VASCONCELOS,220
351590 FLOREAL,2
351600 FLORIDA PAULISTA,9
351610 FLORINIA,1
351620 FRANCA,543
351630 FRANCISCO MORATO,344
351640 FRANCO DA ROCHA,129
351650 GABRIEL MONTEIRO,1
351660 GALIA,1
351670 GARCA,18
351700 GETULINA,1
351740 GUAIRA,5
351750 GUAPIACU,2
351760 GUAPIARA,8
351770 GUARA,6
351780 GUARACAI,1
351790 GUARACI,2
351810 GUARANTA,1
351820 GUARARAPES,7
351830 GUARAREMA,5
351840 GUARATINGUETA,142
351860 GUARIBA,10
351870 GUARUJA,543
351880 GUARULHOS,2067
351885 GUATAPARA,1
351890 GUZOLANDIA,1
351900 HERCULANDIA,1
351905 HOLAMBRA,1
351907 HORTOLANDIA,52
351910 IACANGA,2
351920 IACRI,1
351930 IBATE,6
351960 IBITINGA,16
351970 IBIUNA,45
351990 IEPE,2
352000 IGARACU DO TIETE,5
352010 IGARAPAVA,8
352020 IGARATA,3
352030 IGUAPE,6
352040 ILHABELA,15
352042 ILHA COMPRIDA,2
352044 ILHA SOLTEIRA,10
352050 INDAIATUBA,245
352060 INDIANA,1
352090 IPAUSSU,11
352100 IPERO,1
352130 IPUA,4
352170 ITABERA,2
352180 ITAI,10
352190 ITAJOBI,2
352210 ITANHAEM,222
352215 ITAOCA,1
352220 ITAPECERICA DA SERRA,390
352230 ITAPETININGA,118
352240 ITAPEVA,423
352250 ITAPEVI,461
352260 ITAPIRA,17
352270 ITAPOLIS,6
352280 ITAPORANGA,6
352290 ITAPUI,4
352310 ITAQUAQUECETUBA,457
352320 ITARARE,21
352330 ITARIRI,1
352340 ITATIBA,140
352350 ITATINGA,2
352360 ITIRAPINA,3
352380 ITOBI,1
352390 ITU,313
352400 ITUPEVA,18
352410 ITUVERAVA,20
352430 JABOTICABAL,22
352440 JACAREI,272
352450 JACI,2
352460 JACUPIRANGA,5
352470 JAGUARIUNA,14
352480 JALES,70
352500 JANDIRA,12
352510 JARDINOPOLIS,4
352520 JARINU,3
352530 JAU,321
352550 JOANOPOLIS,1
352560 JOAO RAMALHO,1
352570 JOSE BONIFACIO,1
352590 JUNDIAI,1088
352600 JUNQUEIROPOLIS,12
352610 JUQUIA,1
352620 JUQUITIBA,8
352630 LAGOINHA,1
352640 LARANJAL PAULISTA,10
352670 LEME,31
352680 LENCOIS PAULISTA,9
352690 LIMEIRA,385
352710 LINS,145
352720 LORENA,165
352730 LOUVEIRA,10
352740 LUCELIA,3
352760 LUIS ANTONIO,1
352770 LUIZIANIA,1
352800 MACATUBA,2
352810 MACAUBAL,1
352820 MACEDONIA,1
352840 MAIRINQUE,6
352850 MAIRIPORA,29
352860 MANDURI,4
352880 MARACAI,5
352900 MARILIA,554
352920 MARTINOPOLIS,3
352930 MATAO,207
352940 MAUA,399
352965 MESOPOLIS,1
352970 MIGUELOPOLIS,4
352980 MINEIROS DO TIETE,1
352990 MIRACATU,5
353010 MIRANDOPOLIS,9
353020 MIRANTE DO PARANAPANEMA,4
353030 MIRASSOL,3
353050 MOCOCA,33
353060 MOGI DAS CRUZES,774
353070 MOGI GUACU,241
353080 MOGI MIRIM,107
353110 MONGAGUA,16
353130 MONTE ALTO,10
353140 MONTE APRAZIVEL,3
353150 MONTE AZUL PAULISTA,10
353180 MONTE MOR,16
353190 MORRO AGUDO,12
353200 MORUNGABA,1
353230 NATIVIDADE DA SERRA,1
353240 NAZARE PAULISTA,4
353260 NHANDEARA,4
353270 NIPOA,1
353282 NOVA CAMPINA,1
353290 NOVA EUROPA,2
353300 NOVA GRANADA,3
353310 NOVA GUATAPORANGA,1
353340 NOVA ODESSA,9
353350 NOVO HORIZONTE,8
353360 NUPORANGA,1
353390 OLIMPIA,32
353430 ORLANDIA,31
353440 OSASCO,964
353460 OSVALDO CRUZ,14
353470 OURINHOS,109
353480 OURO VERDE,1
353490 PACAEMBU,3
353520 PALMEIRA D'OESTE,2
353530 PALMITAL,4
353540 PANORAMA,7
353550 PARAGUACU PAULISTA,9
353560 PARAIBUNA,2
353570 PARAISO,1
353580 PARANAPANEMA,4
353600 PARAPUA,2
353610 PARDINHO,1
353620 PARIQUERA-ACU,308
353630 PATROCINIO PAULISTA,9
353640 PAULICEIA,4
353650 PAULINIA,19
353670 PEDERNEIRAS,11
353680 PEDRA BELA,1
353700 PEDREGULHO,6
353710 PEDREIRA,2
353720 PEDRO DE TOLEDO,1
353730 PENAPOLIS,22
353740 PEREIRA BARRETO,14
353750 PEREIRAS,1
353760 PERUIBE,28
353770 PIACATU,3
353780 PIEDADE,16
353790 PILAR DO SUL,6
353800 PINDAMONHANGABA,248
353820 PINHALZINHO,4
353860 PIRACAIA,3
353870 PIRACICABA,646
353880 PIRAJU,13
353890 PIRAJUI,8
353910 PIRAPORA DO BOM JESUS,3
353920 PIRAPOZINHO,3
353930 PIRASSUNUNGA,26
353950 PITANGUEIRAS,6
353980 POA,19
354000 POMPEIA,6
354020 PONTAL,12
354050 PORANGABA,2
354060 PORTO FELIZ,21
354070 PORTO FERREIRA,20
354075 POTIM,2
354080 POTIRENDABA,3
354090 PRADOPOLIS,1
354100 PRAIA GRANDE,440
354120 PRESIDENTE BERNARDES,1
354130 PRESIDENTE EPITACIO,18
354140 PRESIDENTE PRUDENTE,800
354150 PRESIDENTE VENCESLAU,15
354160 PROMISSAO,2
354165 QUADRA,1
354190 QUELUZ,2
354220 RANCHARIA,18
354230 REDENCAO DA SERRA,2
354250 REGINOPOLIS,1
354260 REGISTRO,58
354280 RIBEIRA,1
354290 RIBEIRAO BONITO,1
354300 RIBEIRAO BRANCO,12
354310 RIBEIRAO CORRENTE,1
354320 RIBEIRAO DO SUL,1
354330 RIBEIRAO PIRES,52
354340 RIBEIRAO PRETO,1868
354350 RIVERSUL,3
354370 RINCAO,1
354380 RINOPOLIS,3
354390 RIO CLARO,252
354400 RIO DAS PEDRAS,2
354410 RIO GRANDE DA SERRA,1
354425 ROSANA,13
354430 ROSEIRA,2
354470 SAGRES,1
354500 SALESOPOLIS,2
354510 SALMOURAO,1
354520 SALTO,46
354530 SALTO DE PIRAPORA,11
354540 SALTO GRANDE,1
354560 SANTA ADELIA,1
354580 SANTA BARBARA D'OESTE,49
354600 SANTA BRANCA,1
354630 SANTA CRUZ DAS PALMEIRAS,16
354640 SANTA CRUZ DO RIO PARDO,86
354660 SANTA FE DO SUL,18
354670 SANTA GERTRUDES,2
354680 SANTA ISABEL,34
354690 SANTA LUCIA,1
354730 SANTANA DE PARNAIBA,32
354750 SANTA RITA DO PASSA QUATRO,10
354760 SANTA ROSA DE VITERBO,2
354770 SANTO ANASTACIO,4
354780 SANTO ANDRE,741
354800 SANTO ANTONIO DE POSSE,2
354810 SANTO ANTONIO DO JARDIM,1
354820 SANTO ANTONIO DO PINHAL,1
354850 SANTOS,1184
354860 SAO BENTO DO SAPUCAI,2
354870 SAO BERNARDO DO CAMPO,1052
354880 SAO CAETANO DO SUL,141
354890 SAO CARLOS,286
354910 SAO JOAO DA BOA VISTA,62
354930 SAO JOAO DO PAU D'ALHO,1
354940 SAO JOAQUIM DA BARRA,16
354950 SAO JOSE DA BELA VISTA,1
354970 SAO JOSE DO RIO PARDO,34
354980 SAO JOSE DO RIO PRETO,1177
354990 SAO JOSE DOS CAMPOS,1030
354995 SAO LOURENCO DA SERRA,3
355000 SAO LUIS DO PARAITINGA,1
355010 SAO MANUEL,7
355020 SAO MIGUEL ARCANJO,10
355030 SAO PAULO,19607
355040 SAO PEDRO,5
355050 SAO PEDRO DO TURVO,1
355060 SAO ROQUE,98
355070 SAO SEBASTIAO,42
355080 SAO SEBASTIAO DA GRAMA,3
355090 SAO SIMAO,2
355100 SAO VICENTE,265
355120 SARUTAIA,1
355140 SERRA AZUL,1
355150 SERRANA,6
355160 SERRA NEGRA,8
355170 SERTAOZINHO,273
355180 SETE BARRAS,1
355190 SEVERINIA,2
355210 SOCORRO,11
355220 SOROCABA,1946
355230 SUD MENNUCCI,4
355240 SUMARE,363
355250 SUZANO,304
355270 TABATINGA,3
355280 TABOAO DA SERRA,583
355300 TAGUAI,7
355320 TAIUVA,2
355330 TAMBAU,9
355340 TANABI,1
355360 TAPIRATIBA,2
355370 TAQUARITINGA,42
355380 TAQUARITUBA,10
355385 TAQUARIVAI,1
355395 TARUMA,5
355400 TATUI,90
355410 TAUBATE,575
355430 TEODORO SAMPAIO,9
355440 TERRA ROXA,2
355450 TIETE,12
355470 TORRINHA,2
355480 TREMEMBE,6
355500 TUPA,34
355510 TUPI PAULISTA,5
355535 UBARANA,1
355540 UBATUBA,39
355560 UCHOA,1
355610 VALENTIM GENTIL,1
355620 VALINHOS,68
355630 VALPARAISO,3
355640 VARGEM GRANDE DO SUL,12
355645 VARGEM GRANDE PAULISTA,4
355650 VARZEA PAULISTA,14
355670 VINHEDO,11
355680 VIRADOURO,1
355700 VOTORANTIM,27
355710 VOTUPORANGA,113
355720 CHAVANTES,3
355730 ESTIVA GERBI,1
410020 ADRIANOPOLIS,1
410040 ALMIRANTE TAMANDARE,16
410045 ALTAMIRA DO PARANA,1
410050 ALTONIA,4
410060 ALTO PARANA,2
410070 ALTO PIQUIRI,1
410080 ALVORADA DO SUL,2
410100 AMPERE,2
410110 ANDIRA,4
410120 ANTONINA,5
410130 ANTONIO OLINTO,3
410140 APUCARANA,260
410150 ARAPONGAS,47
410160 ARAPOTI,11
410170 ARARUNA,5
410180 ARAUCARIA,136
410185 ARIRANHA DO IVAI,1
410190 ASSAI,2
410200 ASSIS CHATEAUBRIAND,9
410210 ASTORGA,12
410230 BALSA NOVA,2
410240 BANDEIRANTES,9
410250 BARBOSA FERRAZ,4
410280 BELA VISTA DO PARAISO,3
410290 BITURUNA,4
410304 BOA VENTURA DE SAO ROQUE,1
410305 BOA VISTA DA APARECIDA,1
410310 BOCAIUVA DO SUL,3
410320 BOM SUCESSO,2
410335 BRAGANEY,4
410345 CAFELANDIA,1
410347 CAFEZAL DO SUL,1
410360 CAMBARA,4
410370 CAMBE,10
410390 CAMPINA DA LAGOA,3
410400 CAMPINA GRANDE DO SUL,524
410405 CAMPO BONITO,1
410410 CAMPO DO TENENTE,2
410420 CAMPO LARGO,885
410425 CAMPO MAGRO,3
410430 CAMPO MOURAO,296
410440 CANDIDO DE ABREU,4
410442 CANDOI,10
410445 CANTAGALO,2
410450 CAPANEMA,4
410460 CAPITAO LEONIDAS MARQUES,2
410465 CARAMBEI,7
410470 CARLOPOLIS,8
410480 CASCAVEL,682
410490 CASTRO,51
410500 CATANDUVAS,3
410510 CENTENARIO DO SUL,2
410520 CERRO AZUL,6
410540 CHOPINZINHO,4
410550 CIANORTE,47
410560 CIDADE GAUCHA,5
410570 CLEVELANDIA,14
410580 COLOMBO,79
410590 COLORADO,13
410600 CONGONHINHAS,1
410620 CONTENDA,4
410630 CORBELIA,4
410640 CORNELIO PROCOPIO,190
410650 CORONEL VIVIDA,7
410655 CORUMBATAI DO SUL,2
410660 CRUZEIRO DO OESTE,2
410670 CRUZEIRO DO SUL,1
410680 CRUZ MACHADO,4
410690 CURITIBA,3065
410700 CURIUVA,4
410720 DOIS VIZINHOS,11
410730 DOUTOR CAMARGO,3
410750 ENGENHEIRO BELTRAO,1
410753 ENTRE RIOS DO OESTE,2
410760 FAXINAL,6
410765 FAZENDA RIO GRANDE,33
410773 FERNANDES PINHEIRO,2
410790 FLORESTA,1
410800 FLORESTOPOLIS,2
410810 FLORIDA,1
410820 FORMOSA DO OESTE,5
410830 FOZ DO IGUACU,613
410832 FRANCISCO ALVES,1
410840 FRANCISCO BELTRAO,259
410850 GENERAL CARNEIRO,2
410860 GOIOERE,14
410870 GRANDES RIOS,4
410880 GUAIRA,13
410895 GUAMIRANGA,1
410900 GUAPIRAMA,2
410920 GUARACI,1
410930 GUARANIACU,4
410940 GUARAPUAVA,476
410950 GUARAQUECABA,2
410960 GUARATUBA,22
410970 IBAITI,7
410975 IBEMA,3
410980 IBIPORA,11
411000 IGUARACU,2
411005 IGUATU,1
411010 IMBITUVA,4
411020 INACIO MARTINS,2
411030 INAJA,1
411040 INDIANOPOLIS,1
411050 IPIRANGA,3
411060 IPORA,1
411070 IRATI,158
411080 IRETAMA,1
411090 ITAGUAJE,1
411095 ITAIPULANDIA,3
411100 ITAMBARACA,1
411110 ITAMBE,1
411120 ITAPEJARA D'OESTE,1
411125 ITAPERUCU,21
411130 ITAUNA DO SUL,1
411140 IVAI,3
411150 IVAIPORA,190
411155 IVATE,1
411180 JACAREZINHO,17
411190 JAGUAPITA,4
411200 JAGUARIAIVA,16
411210 JANDAIA DO SUL,8
411240 JAPURA,1
411250 JARDIM ALEGRE,1
411270 JATAIZINHO,3
411275 JESUITAS,2
411280 JOAQUIM TAVORA,3
411310 KALORE,2
411320 LAPA,12
411325 LARANJAL,3
411330 LARANJEIRAS DO SUL,67
411350 LOANDA,11
411370 LONDRINA,1574
411373 LUIZIANA,1
411390 MALLET,4
411400 MAMBORE,3
411420 MANDAGUARI,2
411430 MANDIRITUBA,9
411435 MANFRINOPOLIS,1
411440 MANGUEIRINHA,8
411450 MANOEL RIBAS,2
411460 MARECHAL CANDIDO RONDON,16
411470 MARIA HELENA,2
411480 MARIALVA,2
411490 MARILANDIA DO SUL,1
411500 MARILENA,2
411510 MARILUZ,1
411520 MARINGA,886
411530 MARIOPOLIS,1
411535 MARIPA,2
411540 MARMELEIRO,3
411550 MARUMBI,2
411560 MATELANDIA,5
411570 MATINHOS,15
411575 MAUA DA SERRA,6
411580 MEDIANEIRA,21
411605 MISSAL,4
411610 MOREIRA SALES,2
411620 MORRETES,3
411630 MUNHOZ DE MELO,1
411670 NOVA AURORA,3
411680 NOVA CANTU,2
411695 NOVA ESPERANCA DO SUDOESTE,2
411700 NOVA FATIMA,1
411705 NOVA LARANJEIRAS,5
411710 NOVA LONDRINA,1
411720 NOVA OLIMPIA,1
411721 NOVA SANTA BARBARA,1
411722 NOVA SANTA ROSA,1
411727 NOVA TEBAS,2
411729 NOVO ITACOLOMI,1
411730 ORTIGUEIRA,8
411745 OURO VERDE DO OESTE,1
411750 PAICANDU,2
411760 PALMAS,45
411770 PALMEIRA,7
411780 PALMITAL,5
411790 PALOTINA,8
411800 PARAISO DO NORTE,5
411810 PARANACITY,6
411820 PARANAGUA,172
411840 PARANAVAI,219
411850 PATO BRANCO,531
411860 PAULA FREITAS,1
411870 PAULO FRONTIN,4
411880 PEABIRU,1
411890 PEROLA,2
411915 PINHAIS,60
411920 PINHALAO,4
411930 PINHAO,21
411940 PIRAI DO SUL,9
411950 PIRAQUARA,16
411960 PITANGA,18
411990 PONTA GROSSA,637
411995 PONTAL DO PARANA,4
412000 PORECATU,5
412010 PORTO AMAZONAS,1
412015 PORTO BARREIRO,1
412020 PORTO RICO,1
412035 PRANCHITA,4
412050 PRIMEIRO DE MAIO,1
412060 PRUDENTOPOLIS,24
412070 QUATIGUA,2
412080 QUATRO BARRAS,1
412090 QUEDAS DO IGUACU,19
412100 QUERENCIA DO NORTE,2
412110 QUINTA DO SOL,1
412120 QUITANDINHA,6
412150 REBOUCAS,1
412170 RESERVA,6
412175 RESERVA DO IGUACU,1
412180 RIBEIRAO CLARO,3
412190 RIBEIRAO DO PINHAL,8
412200 RIO AZUL,6
412215 RIO BONITO DO IGUACU,2
412220 RIO BRANCO DO SUL,8
412230 RIO NEGRO,1
412240 ROLANDIA,30
412250 RONCADOR,4
412260 RONDON,2
412265 ROSARIO DO IVAI,3
412280 SALGADO FILHO,1
412300 SALTO DO LONTRA,5
412310 SANTA AMELIA,1
412340 SANTA FE,1
412350 SANTA HELENA,10
412370 SANTA ISABEL DO IVAI,2
412380 SANTA IZABEL DO OESTE,2
412385 SANTA MARIA DO OESTE,2
412390 SANTA MARIANA,1
412402 SANTA TEREZA DO OESTE,3
412405 SANTA TEREZINHA DE ITAIPU,3
412410 SANTO ANTONIO DA PLATINA,133
412430 SANTO ANTONIO DO PARAISO,1
412440 SANTO ANTONIO DO SUDOESTE,5
412450 SANTO INACIO,1
412460 SAO CARLOS DO IVAI,1
412480 SAO JOAO,1
412500 SAO JOAO DO IVAI,2
412510 SAO JOAO DO TRIUNFO,1
412520 SAO JORGE D'OESTE,6
412535 SAO JORGE DO PATROCINIO,2
412540 SAO JOSE DA BOA VISTA,1
412550 SAO JOSE DOS PINHAIS,206
412560 SAO MATEUS DO SUL,16
412570 SAO MIGUEL DO IGUACU,5
412600 SAO SEBASTIAO DA AMOREIRA,2
412620 SAPOPEMA,4
412625 SARANDI,150
412627 SAUDADE DO IGUACU,1
412630 SENGES,7
412660 SIQUEIRA CAMPOS,4
412667 TAMARANA,1
412680 TAPEJARA,3
412710 TELEMACO BORBA,52
412720 TERRA BOA,4
412730 TERRA RICA,1
412740 TERRA ROXA,6
412750 TIBAGI,8
412760 TIJUCAS DO SUL,5
412770 TOLEDO,260
412780 TOMAZINA,2
412788 TUNAS DO PARANA,1
412796 TURVO,4
412800 UBIRATA,11
412810 UMUARAMA,480
412820 UNIAO DA VITORIA,189
412840 URAI,2
412850 WENCESLAU BRAZ,6
412853 VENTANIA,7
412855 VERA CRUZ DO OESTE,2
412860 VERE,1
412862 ALTO PARAISO,1
412880 XAMBRE,1
420010 ABELARDO LUZ,4
420040 AGUA DOCE,7
420070 ALFREDO WAGNER,5
420080 ANCHIETA,2
420090 ANGELINA,1
420100 ANITA GARIBALDI,5
420120 ANTONIO CARLOS,1
420125 APIUNA,1
420130 ARAQUARI,3
420140 ARARANGUA,103
420150 ARMAZEM,2
420170 ASCURRA,1
420195 BALNEARIO ARROIO DO SILVA,3
420200 BALNEARIO CAMBORIU,314
420207 BALNEARIO GAIVOTA,1
420210 BARRA VELHA,4
420230 BIGUACU,6
420240 BLUMENAU,757
420245 BOMBINHAS,2
420250 BOM JARDIM DA SERRA,2
420260 BOM RETIRO,6
420280 BRACO DO NORTE,19
420285 BRACO DO TROMBUDO,1
420290 BRUSQUE,84
420300 CACADOR,81
420320 CAMBORIU,8
420330 CAMPO ALEGRE,1
420340 CAMPO BELO DO SUL,3
420350 CAMPO ERE,10
420360 CAMPOS NOVOS,24
420370 CANELINHA,2
420380 CANOINHAS,23
420390 CAPINZAL,16
420400 CATANDUVAS,2
420410 CAXAMBU DO SUL,1
420415 CELSO RAMOS,1
420420 CHAPECO,599
420430 CONCORDIA,181
420440 CORONEL FREITAS,1
420450 CORUPA,3
420455 CORREIA PINTO,2
420460 CRICIUMA,320
420470 CUNHA PORA,5
420480 CURITIBANOS,221
420500 DIONISIO CERQUEIRA,9
420510 DONA EMMA,1
420515 DOUTOR PEDRINHO,1
420520 ERVAL VELHO,1
420530 FAXINAL DOS GUEDES,2
420535 FLOR DO SERTAO,1
420540 FLORIANOPOLIS,978
420545 FORQUILHINHA,4
420550 FRAIBURGO,15
420570 GAROPABA,3
420580 GARUVA,2
420590 GASPAR,25
420620 GRAVATAL,1
420630 GUABIRUBA,2
420640 GUARACIABA,3
420650 GUARAMIRIM,3
420675 IBIAM,1
420690 IBIRAMA,8
420700 ICARA,20
420720 IMARUI,1
420730 IMBITUBA,26
420750 INDAIAL,28
420765 IPORA DO OESTE,1
420768 IPUACU,2
420780 IRANI,2
420790 IRINEOPOLIS,4
420800 ITA,1
420810 ITAIOPOLIS,7
420820 ITAJAI,435
420830 ITAPEMA,12
420840 ITAPIRANGA,4
420845 ITAPOA,7
420850 ITUPORANGA,12
420870 JACINTO MACHADO,1
420880 JAGUARUNA,5
420890 JARAGUA DO SUL,273
420900 JOACABA,49
420910 JOINVILLE,1053
420930 LAGES,559
420940 LAGUNA,6
420950 LAURENTINO,1
420960 LAURO MULLER,2
420970 LEBON REGIS,3
421000 LUIZ ALVES,2
421005 MACIEIRA,1
421010 MAFRA,162
421040 MARACAJA,1
421050 MARAVILHA,14
421060 MASSARANDUBA,1
421080 MELEIRO,1
421090 MODELO,2
421100 MONDAI,1
421110 MONTE CASTELO,4
421120 MORRO DA FUMACA,2
421130 NAVEGANTES,32
421140 NOVA ERECHIM,2
421150 NOVA TRENTO,3
421160 NOVA VENEZA,4
421170 ORLEANS,7
421175 OTACILIO COSTA,4
421189 PAINEL,1
421190 PALHOCA,15
421200 PALMA SOLA,7
421210 PALMITOS,5
421220 PAPANDUVA,9
421227 PASSOS MAIA,1
421250 PENHA,3
421280 BALNEARIO PICARRAS,2
421290 PINHALZINHO,9
421315 PLANALTO ALEGRE,1
421320 POMERODE,12
421340 PONTE SERRADA,5
421360 PORTO UNIAO,6
421370 POUSO REDONDO,3
421400 PRESIDENTE GETULIO,4
421420 QUILOMBO,6
421430 RANCHO QUEIMADO,1
421440 RIO DAS ANTAS,2
421450 RIO DO CAMPO,2
421470 RIO DOS CEDROS,2
421480 RIO DO SUL,219
421500 RIO NEGRINHO,21
421507 RIQUEZA,1
421530 SALETE,2
421540 SALTO VELOSO,3
421550 SANTA CECILIA,19
421560 SANTA ROSA DE LIMA,1
421570 SANTO AMARO DA IMPERATRIZ,3
421580 SAO BENTO DO SUL,41
421590 SAO BONIFACIO,1
421600 SAO CARLOS,3
421605 SAO CRISTOVAO DO SUL,1
421610 SAO DOMINGOS,1
421620 SAO FRANCISCO DO SUL,11
421625 SAO JOAO DO OESTE,2
421630 SAO JOAO BATISTA,11
421650 SAO JOAQUIM,19
421660 SAO JOSE,234
421680 SAO JOSE DO CERRITO,3
421690 SAO LOURENCO DO OESTE,8
421710 SAO MARTINHO,2
421720 SAO MIGUEL DO OESTE,50
421730 SAUDADES,2
421750 SEARA,2
421770 SOMBRIO,6
421780 TAIO,4
421790 TANGARA,2
421800 TIJUCAS,5
421810 TIMBE DO SUL,1
421820 TIMBO,24
421825 TIMBO GRANDE,5
421830 TRES BARRAS,7
421840 TREZE DE MAIO,1
421870 TUBARAO,346
421875 TUNAPOLIS,1
421880 TURVO,3
421890 URUBICI,6
421900 URUSSANGA,3
421915 VARGEM,2
421917 VARGEM BONITA,1
421930 VIDEIRA,38
421950 XANXERE,175
421970 XAXIM,13
422000 BALNEARIO RINCAO,1
430003 ACEGUA,1
430010 AGUDO,4
430040 ALEGRETE,119
430050 ALPESTRE,2
430060 ALVORADA,229
430063 AMARAL FERRADOR,1
430080 ANTONIO PRADO,5
430090 ARATIBA,1
430100 ARROIO DO MEIO,8
430105 ARROIO DO SAL,1
430107 ARROIO DO PADRE,2
430110 ARROIO DOS RATOS,2
430120 ARROIO DO TIGRE,6
430130 ARROIO GRANDE,4
430140 ARVOREZINHA,3
430150 AUGUSTO PESTANA,2
430160 BAGE,286
430163 BALNEARIO PINHAL,1
430180 BARRACAO,1
430190 BARRA DO RIBEIRO,3
430200 BARROS CASSAL,1
430210 BENTO GONCALVES,159
430230 BOM JESUS,5
430235 BOM PRINCIPIO,3
430240 BOM RETIRO DO SUL,2
430245 BOQUEIRAO DO LEAO,6
430270 BUTIA,2
430280 CACAPAVA DO SUL,24
430290 CACEQUI,4
430300 CACHOEIRA DO SUL,96
430310 CACHOEIRINHA,151
430330 CAIBATE,1
430350 CAMAQUA,38
430360 CAMBARA DO SUL,1
430390 CAMPO BOM,15
430400 CAMPO NOVO,1
430420 CANDELARIA,18
430430 CANDIDO GODOI,1
430440 CANELA,13
430450 CANGUCU,11
430460 CANOAS,428
430463 CAPAO DA CANOA,43
430465 CAPAO DO CIPO,1
430466 CAPAO DO LEAO,7
430468 CAPELA DE SANTANA,1
430470 CARAZINHO,33
430471 CARAA,1
430480 CARLOS BARBOSA,5
430490 CASCA,3
430495 CASEIROS,2
430510 CAXIAS DO SUL,822
430520 CERRO LARGO,4
430535 CHARQUEADAS,2
430544 CHUVISCA,2
430545 CIDREIRA,1
430550 CIRIACO,1
430560 COLORADO,1
430580 CONSTANTINA,2
430583 COQUEIRO BAIXO,1
430595 COTIPORA,1
430600 CRISSIUMAL,10
430605 CRISTAL,3
430610 CRUZ ALTA,50
430620 CRUZEIRO DO SUL,1
430630 DAVID CANABARRO,3
430640 DOIS IRMAOS,4
430645 DOIS LAJEADOS,2
430660 DOM PEDRITO,14
430676 ELDORADO DO SUL,5
430680 ENCANTADO,10
430690 ENCRUZILHADA DO SUL,14
430693 ENTRE-IJUIS,1
430700 ERECHIM,194
430730 ERVAL SECO,1
430750 ESPUMOSO,11
430755 ESTACAO,1
430760 ESTANCIA VELHA,10
430770 ESTEIO,69
430780 ESTRELA,124
430781 ESTRELA VELHA,2
430790 FARROUPILHA,8
430807 FAZENDA VILANOVA,1
430810 FELIZ,1
430820 FLORES DA CUNHA,3
430830 FONTOURA XAVIER,1
430850 FREDERICO WESTPHALEN,18
430860 GARIBALDI,10
430870 GAURAMA,1
430880 GENERAL CAMARA,1
430890 GETULIO VARGAS,6
430900 GIRUA,2
430910 GRAMADO,13
430912 GRAMADO DOS LOUREIROS,1
430920 GRAVATAI,65
430930 GUAIBA,14
430940 GUAPORE,12
430950 GUARANI DAS MISSOES,2
430955 HARMONIA,2
430957 HERVEIRAS,1
430960 HORIZONTINA,3
431000 IBIRUBA,9
431010 IGREJINHA,11
431020 IJUI,166
431030 ILOPOLIS,2
431033 IMBE,2
431050 IRAI,4
431060 ITAQUI,29
431080 IVOTI,6
431100 JAGUARAO,15
431110 JAGUARI,3
431112 JAQUIRANA,1
431115 JOIA,3
431120 JULIO DE CASTILHOS,3
431125 LAGOAO,2
431130 LAGOA VERMELHA,21
431140 LAJEADO,115
431150 LAVRAS DO SUL,2
431175 MANOEL VIANA,1
431180 MARAU,18
431198 MARIANA PIMENTEL,1
431220 MAXIMILIANO DE ALMEIDA,1
431225 MINAS DO LEAO,1
431230 MIRAGUAI,1
431240 MONTENEGRO,56
431250 MOSTARDAS,1
431265 NAO-ME-TOQUE,9
431270 NONOAI,6
431290 NOVA BASSANO,1
431300 NOVA BRESCIA,1
431320 NOVA PETROPOLIS,1
431330 NOVA PRATA,7
431337 NOVA SANTA RITA,4
431340 NOVO HAMBURGO,382
431350 OSORIO,19
431365 PALMARES DO SUL,1
431370 PALMEIRA DAS MISSOES,24
431380 PALMITINHO,2
431390 PANAMBI,11
431395 PANTANO GRANDE,1
431400 PARAI,1
431405 PAROBE,43
431407 PASSO DO SOBRADO,1
431410 PASSO FUNDO,722
431415 PAVERAMA,1
431440 PELOTAS,625
431445 PINHAL,1
431450 PINHEIRO MACHADO,4
431460 PIRATINI,5
431470 PLANALTO,2
431480 PORTAO,3
431490 PORTO ALEGRE,4029
431510 PORTO XAVIER,3
431515 PROGRESSO,1
431530 QUARAI,13
431540 REDENTORA,3
431550 RESTINGA SECA,1
431560 RIO GRANDE,275
431570 RIO PARDO,14
431575 RIOZINHO,1
431580 ROCA SALES,4
431590 RODEIO BONITO,2
431600 ROLANTE,9
431610 RONDA ALTA,3
431630 ROQUE GONZALES,1
431640 ROSARIO DO SUL,35
431642 SAGRADA FAMILIA,1
431645 SALTO DO JACUI,4
431660 SANANDUVA,4
431670 SANTA BARBARA DO SUL,5
431680 SANTA CRUZ DO SUL,215
431690 SANTA MARIA,456
431700 SANTANA DA BOA VISTA,2
431710 SANT'ANA DO LIVRAMENTO,69
431720 SANTA ROSA,194
431730 SANTA VITORIA DO PALMAR,25
431740 SANTIAGO,20
431750 SANTO ANGELO,150
431760 SANTO ANTONIO DA PATRULHA,10
431770 SANTO ANTONIO DAS MISSOES,3
431780 SANTO AUGUSTO,15
431790 SANTO CRISTO,3
431800 SAO BORJA,64
431810 SAO FRANCISCO DE ASSIS,3
431820 SAO FRANCISCO DE PAULA,12
431830 SAO GABRIEL,41
431840 SAO JERONIMO,29
431842 SAO JOAO DA URTIGA,1
431845 SAO JOSE DAS MISSOES,1
431846 SAO JOSE DO HERVAL,1
431849 SAO JOSE DO INHACORA,1
431850 SAO JOSE DO NORTE,3
431860 SAO JOSE DO OURO,6
431870 SAO LEOPOLDO,203
431880 SAO LOURENCO DO SUL,14
431890 SAO LUIZ GONZAGA,35
431900 SAO MARCOS,6
431915 SAO MIGUEL DAS MISSOES,3
431920 SAO NICOLAU,1
431930 SAO PAULO DAS MISSOES,1
431940 SAO PEDRO DO SUL,2
431950 SAO SEBASTIAO DO CAI,7
431960 SAO SEPE,6
431980 SAO VICENTE DO SUL,1
431990 SAPIRANGA,94
432000 SAPUCAIA DO SUL,48
432010 SARANDI,13
432020 SEBERI,19
432040 SERAFINA CORREA,2
432070 SOBRADINHO,10
432080 SOLEDADE,16
432090 TAPEJARA,17
432100 TAPERA,4
432110 TAPES,5
432120 TAQUARA,18
432130 TAQUARI,7
432140 TENENTE PORTELA,23
432143 TERRA DE AREIA,2
432145 TEUTONIA,4
432149 TOROPI,1
432150 TORRES,27
432160 TRAMANDAI,186
432166 TRES CACHOEIRAS,1
432170 TRES COROAS,8
432180 TRES DE MAIO,17
432190 TRES PASSOS,19
432200 TRIUNFO,7
432218 TUPANCI DO SUL,1
432220 TUPANCIRETA,18
432230 TUPARENDI,1
432232 TURUCU,1
432240 URUGUAIANA,236
432250 VACARIA,78
432253 VALE DO SOL,3
432260 VENANCIO AIRES,26
432270 VERA CRUZ,3
432280 VERANOPOLIS,6
432300 VIAMAO,56
432380 XANGRI-LA,1
500020 AGUA CLARA,5
500060 AMAMBAI,74
500070 ANASTACIO,14
500080 ANAURILANDIA,4
500085 ANGELICA,2
500090 ANTONIO JOAO,9
500100 APARECIDA DO TABOADO,10
500110 AQUIDAUANA,52
500124 ARAL MOREIRA,7
500150 BANDEIRANTES,4
500190 BATAGUASSU,13
500200 BATAYPORA,2
500210 BELA VISTA,23
500215 BODOQUENA,5
500220 BONITO,21
500230 BRASILANDIA,3
500240 CAARAPO,13
500260 CAMAPUA,9
500270 CAMPO GRANDE,2090
500280 CARACOL,4
500290 CASSILANDIA,20
500295 CHAPADAO DO SUL,12
500310 CORGUINHO,1
500315 CORONEL SAPUCAIA,25
500320 CORUMBA,294
500325 COSTA RICA,15
500330 COXIM,10
500345 DEODAPOLIS,3
500348 DOIS IRMAOS DO BURITI,3
500370 DOURADOS,1051
500375 ELDORADO,10
500380 FATIMA DO SUL,3
500390 FIGUEIRAO,3
500410 GUIA LOPES DA LAGUNA,2
500430 IGUATEMI,26
500440 INOCENCIA,9
500450 ITAPORA,1
500460 ITAQUIRAI,6
500470 IVINHEMA,10
500480 JAPORA,12
500490 JARAGUARI,1
500500 JARDIM,17
500510 JATEI,1
500515 JUTI,7
500520 LADARIO,5
500525 LAGUNA CARAPA,2
500540 MARACAJU,17
500560 MIRANDA,32
500568 MUNDO NOVO,30
500570 NAVIRAI,44
500580 NIOAQUE,4
500600 NOVA ALVORADA DO SUL,5
500620 NOVA ANDRADINA,29
500625 NOVO HORIZONTE DO SUL,3
500630 PARANAIBA,24
500635 PARANHOS,31
500640 PEDRO GOMES,2
500660 PONTA PORA,60
500690 PORTO MURTINHO,16
500710 RIBAS DO RIO PARDO,11
500720 RIO BRILHANTE,12
500740 RIO VERDE DE MATO GROSSO,16
500750 ROCHEDO,1
500755 SANTA RITA DO PARDO,2
500769 SAO GABRIEL DO OESTE,17
500770 SETE QUEDAS,8
500780 SELVIRIA,3
500790 SIDROLANDIA,17
500793 SONORA,5
500795 TACURU,21
500800 TERENOS,3
500830 TRES LAGOAS,117
510020 AGUA BOA,239
510025 ALTA FLORESTA,101
510030 ALTO ARAGUAIA,7
510035 ALTO BOA VISTA,2
510060 ALTO TAQUARI,3
510080 APIACAS,5
510125 ARAPUTANGA,4
510130 ARENAPOLIS,5
510140 ARIPUANA,12
510170 BARRA DO BUGRES,21
510180 BARRA DO GARCAS,156
510185 BOM JESUS DO ARAGUAIA,5
510190 BRASNORTE,11
510250 CACERES,431
510260 CAMPINAPOLIS,35
510263 CAMPO NOVO DO PARECIS,31
510267 CAMPO VERDE,22
510269 CANABRAVA DO NORTE,2
510270 CANARANA,11
510300 CHAPADA DOS GUIMARAES,7
510305 CLAUDIA,1
510310 COCALINHO,1
510320 COLIDER,111
510325 COLNIZA,33
510330 COMODORO,33
510335 CONFRESA,54
510337 COTRIGUACU,4
510340 CUIABA,2620
510345 DENISE,1
510350 DIAMANTINO,16
510360 DOM AQUINO,3
510370 FELIZ NATAL,5
510380 FIGUEIROPOLIS D'OESTE,1
510385 GAUCHA DO NORTE,4
510390 GENERAL CARNEIRO,5
510410 GUARANTA DO NORTE,31
510420 GUIRATINGA,3
510452 IPIRANGA DO NORTE,1
510454 ITANHANGA,1
510455 ITAUBA,3
510460 ITIQUIRA,2
510480 JACIARA,18
510490 JANGADA,2
510500 JAURU,1
510510 JUARA,36
510515 JUINA,90
510517 JURUENA,3
510520 JUSCIMEIRA,3
510523 LAMBARI D'OESTE,2
510525 LUCAS DO RIO VERDE,150
510530 LUCIARA,1
510550 VILA BELA DA SANTISSIMA TRINDADE,12
510558 MARCELANDIA,8
510560 MATUPA,13
510562 MIRASSOL D'OESTE,13
510590 NOBRES,4
510600 NORTELANDIA,5
510615 NOVA BANDEIRANTES,6
510618 NOVA LACERDA,1
510620 NOVA BRASILANDIA,2
510622 NOVA MUTUM,39
510623 NOVA OLIMPIA,11
510624 NOVA UBIRATA,3
510625 NOVA XAVANTINA,14
510627 NOVO HORIZONTE DO NORTE,1
510628 NOVO SAO JOAQUIM,3
510629 PARANAITA,1
510630 PARANATINGA,24
510631 NOVO SANTO ANTONIO,3
510637 PEDRA PRETA,4
510642 PEIXOTO DE AZEVEDO,50
510645 PLANALTO DA SERRA,1
510650 POCONE,8
510675 PONTES E LACERDA,46
510677 PORTO ALEGRE DO NORTE,1
510682 PORTO ESPERIDIAO,7
510700 POXOREO,12
510704 PRIMAVERA DO LESTE,68
510706 QUERENCIA,15
510710 SAO JOSE DOS QUATRO MARCOS,5
510718 RIBEIRAO CASCALHEIRA,9
510724 SANTA CARMEM,1
510730 SAO JOSE DO RIO CLARO,19
510735 SAO JOSE DO XINGU,3
510760 RONDONOPOLIS,548
510770 ROSARIO OESTE,4
510775 SALTO DO CEU,2
510777 SANTA TEREZINHA,5
510779 SANTO ANTONIO DO LESTE,3
510785 SAO FELIX DO ARAGUAIA,31
510787 SAPEZAL,20
510790 SINOP,300
510792 SORRISO,247
510794 TABAPORA,2
510795 TANGARA DA SERRA,334
510800 TAPURAH,1
510830 UNIAO DO SUL,1
510835 VALE DE SAO DOMINGOS,2
510840 VARZEA GRANDE,242
510860 VILA RICA,27
510885 NOVA MARILANDIA,1
510890 NOVA MARINGA,2
510895 NOVA MONTE VERDE,2
520005 ABADIA DE GOIAS,2
520010 ABADIANIA,3
520013 ACREUNA,6
520025 AGUAS LINDAS DE GOIAS,51
520030 ALEXANIA,7
520055 ALTO HORIZONTE,1
520060 ALTO PARAISO DE GOIAS,1
520080 ALVORADA DO NORTE,16
520085 AMERICANO DO BRASIL,2
520110 ANAPOLIS,719
520130 ANICUNS,2
520140 APARECIDA DE GOIANIA,329
520150 APORE,2
520170 ARAGARCAS,11
520180 ARAGOIANIA,1
520215 ARAGUAPAZ,4
520250 ARUANA,3
520320 BARRO ALTO,1
520330 BELA VISTA DE GOIAS,10
520350 BOM JESUS DE GOIAS,11
520355 BONFINOPOLIS,5
520357 BONOPOLIS,2
520380 BRITANIA,1
520390 BURITI ALEGRE,2
520400 CABECEIRAS,2
520410 CACHOEIRA ALTA,3
520425 CACHOEIRA DOURADA,3
520430 CACU,4
520440 CAIAPONIA,7
520450 CALDAS NOVAS,64
520470 CAMPINORTE,6
520480 CAMPO ALEGRE DE GOIAS,2
520485 CAMPO LIMPO DE GOIAS,1
520490 CAMPOS BELOS,31
520505 CASTELANDIA,1
520510 CATALAO,62
520530 CAVALCANTE,8
520540 CERES,75
520545 CEZARINA,3
520547 CHAPADAO DO CEU,2
520549 CIDADE OCIDENTAL,12
520551 COCALZINHO DE GOIAS,4
520552 COLINAS DO SUL,1
520580 CORUMBA DE GOIAS,2
520590 CORUMBAIBA,3
520620 CRISTALINA,32
520640 CRIXAS,12
520670 DAMIANOPOLIS,2
520725 DOVERLANDIA,1
520735 EDEALINA,2
520740 EDEIA,1
520753 FAINA,6
520760 FAZENDA NOVA,2
520780 FIRMINOPOLIS,3
520790 FLORES DE GOIAS,5
520800 FORMOSA,113
520815 GAMELEIRA DE GOIAS,1
520830 DIVINOPOLIS DE GOIAS,8
520840 GOIANAPOLIS,3
520850 GOIANDIRA,1
520860 GOIANESIA,40
520870 GOIANIA,6300
520880 GOIANIRA,18
520890 GOIAS,8
520910 GOIATUBA,19
520915 GOUVELANDIA,2
520920 GUAPO,2
520970 HIDROLANDIA,4
520980 HIDROLINA,1
520990 IACIARA,8
520993 INACIOLANDIA,2
520995 INDIARA,8
521000 INHUMAS,17
521010 IPAMERI,11
521020 IPORA,19
521030 ISRAELANDIA,1
521040 ITABERAI,10
521056 ITAGUARI,2
521080 ITAJA,3
521090 ITAPACI,8
521100 ITAPIRAPUA,1
521120 ITAPURANGA,6
521130 ITARUMA,1
521140 ITAUCU,2
521150 ITUMBIARA,65
521160 IVOLANDIA,1
521170 JANDAIA,4
521180 JARAGUA,20
521190 JATAI,101
521205 JESUPOLIS,1
521220 JUSSARA,8
521230 LEOPOLDO DE BULHOES,1
521250 LUZIANIA,46
521270 MAMBAI,4
521280 MARA ROSA,3
521295 MATRINCHA,1
521300 MAURILANDIA,5
521308 MINACU,24
521310 MINEIROS,75
521350 MONTE ALEGRE DE GOIAS,4
521370 MONTES CLAROS DE GOIAS,3
521375 MONTIVIDIU,2
521377 MONTIVIDIU DO NORTE,1
521380 MORRINHOS,14
521390 MOSSAMEDES,1
521400 MOZARLANDIA,6
521405 MUNDO NOVO,5
521450 NEROPOLIS,6
521460 NIQUELANDIA,22
521483 NOVA CRIXAS,2
521490 NOVA ROMA,1
521500 NOVA VENEZA,4
521523 NOVO GAMA,16
521530 ORIZONA,2
521560 PADRE BERNARDO,10
521570 PALMEIRAS DE GOIAS,10
521630 PARANAIGUARA,1
521640 PARAUNA,6
521645 PEROLANDIA,1
521680 PETROLINA DE GOIAS,2
521710 PIRACANJUBA,7
521720 PIRANHAS,9
521730 PIRENOPOLIS,4
521740 PIRES DO RIO,14
521760 PLANALTINA,49
521770 PONTALINA,7
521800 PORANGATU,19
521810 PORTELANDIA,2
521830 POSSE,45
521850 QUIRINOPOLIS,32
521860 RIALMA,3
521880 RIO VERDE,256
521890 RUBIATABA,1
521900 SANCLERLANDIA,1
521910 SANTA BARBARA DE GOIAS,1
521920 SANTA CRUZ DE GOIAS,2
521925 SANTA FE DE GOIAS,1
521930 SANTA HELENA DE GOIAS,111
521935 SANTA ISABEL,1
521950 SANTA ROSA DE GOIAS,3
521960 SANTA TEREZA DE GOIAS,1
521970 SANTA TEREZINHA DE GOIAS,3
521971 SANTO ANTONIO DA BARRA,1
521975 SANTO ANTONIO DO DESCOBERTO,11
521980 SAO DOMINGOS,4
521990 SAO FRANCISCO DE GOIAS,3
522000 SAO JOAO D'ALIANCA,7
522010 SAO LUIS DE MONTES BELOS,11
522015 SAO LUIZ DO NORTE,1
522020 SAO MIGUEL DO ARAGUAIA,32
522026 SAO MIGUEL DO PASSA QUATRO,3
522040 SAO SIMAO,12
522045 SENADOR CANEDO,49
522050 SERRANOPOLIS,3
522060 SILVANIA,4
522068 SIMOLANDIA,5
522108 TERESINA DE GOIAS,4
522119 TEREZOPOLIS DE GOIAS,1
522140 TRINDADE,22
522150 TURVANIA,1
522155 TURVELANDIA,1
522157 UIRAPURU,1
522160 URUACU,45
522185 VALPARAISO DE GOIAS,23
522200 VIANOPOLIS,7
522205 VICENTINOPOLIS,3
522220 VILA BOA,5
530010 BRASILIA,5838
